dataset_id	tissue_general
d7476ae2-e320-4703-8304-da5c42627e71	liver
0895c838-e550-48a3-a777-dbcd35d30272	liver
fbd69faa-b0c5-45ba-89c9-da938a7f5a14	endocrine gland
00ff600e-6e2e-4d76-846f-0eec4f0ae417	immune system
bdacc907-7c26-419f-8808-969eab3ca2e8	brain
a5d95a42-0137-496f-8a60-101e17f263c8	blood
d3566d6a-a455-4a15-980f-45eb29114cab	bone marrow
d3566d6a-a455-4a15-980f-45eb29114cab	blood
de17ac25-550a-4018-be75-bbb485a0636e	eye
9f1049ac-f8b7-45ad-8e31-6e96c3e5058f	brain
703f00e6-b996-48e5-bc34-00c41b9876f4	lung
e347396c-a7ff-4691-9f7a-99a43555ca18	liver
a49d9109-1d0c-4b36-8139-19aa9a83428c	liver
524e045e-e74c-4e00-9884-d5c3bef3d862	liver
06b91002-4d3d-4d2e-8484-20c3b31e232c	brain
b94e3bdf-a385-49cc-b312-7a63cc28b77a	brain
0c9a8cfb-6649-4d52-b418-6d8e56bd7afe	liver
eec804b9-2ae5-44f0-a1b5-d721e21257de	respiratory system
df287f8d-f50d-4620-ab96-489d559e6adc	prostate gland
939d235c-50bd-41e1-83f5-d056d1aeae47	endocrine gland
4993d61c-1d04-4630-9c61-8d9431f39adc	liver
f9ad5649-f372-43e1-a3a8-423383e5a8a2	brain
ea426edb-4e86-4c53-ab17-5b952d94a31e	prostate gland
04d87de6-c20a-4186-8884-f47dba20b0a4	breast
b25f3834-69b3-4d87-a272-3938432d1f30	respiratory system
a24ecf77-c059-4dc5-8ca4-3b89d667b7f8	brain
a24ecf77-c059-4dc5-8ca4-3b89d667b7f8	head
6701d782-76f2-40e6-82f1-495350dd9a63	cortex
6701d782-76f2-40e6-82f1-495350dd9a63	brain
6701d782-76f2-40e6-82f1-495350dd9a63	head
94423ec1-21f8-40e8-b5c9-c3ea82350ca4	stomach
94423ec1-21f8-40e8-b5c9-c3ea82350ca4	esophagus
94423ec1-21f8-40e8-b5c9-c3ea82350ca4	small intestine
94423ec1-21f8-40e8-b5c9-c3ea82350ca4	esophagogastric junction
94423ec1-21f8-40e8-b5c9-c3ea82350ca4	large intestine
94423ec1-21f8-40e8-b5c9-c3ea82350ca4	colon
2f6a20f1-173d-4b8d-860b-c47ffea120fa	eye
54999653-92b5-40e8-8438-0456ddb62cb2	endocrine gland
da684768-fb01-455b-9f0f-b63a3e2f844f	skin of body
a65bcc2d-4243-44c1-a262-ab7dcddfcf86	respiratory system
75a881cf-5d88-46e2-bf9b-97e5cbc1bd56	brain
0c86f0de-ddcb-454c-b00b-37feb69e7da1	breast
1009f384-b12d-448e-ba9f-1b7d2ecfbb4e	heart
44941fdb-8a6f-42d5-9b34-da48c2a3f774	breast
e763ed0d-0e5a-4b8e-9514-6da3d9e47956	blood
9f049476-2431-4645-a2d6-f6e85892b603	liver
d95ab381-2b7c-4885-b168-0097ed4e397f	eye
b3a5a10f-b1cb-4e8e-abce-bf345448625b	bone marrow
8775a6c6-b960-43ae-9f76-45c4acda3621	cortex
8775a6c6-b960-43ae-9f76-45c4acda3621	brain
8775a6c6-b960-43ae-9f76-45c4acda3621	head
e5f5d954-cf0e-4bd8-9346-8d1ddf15a08b	respiratory system
62de80d7-e6c4-4ff0-ad4c-d3d36f57cb93	respiratory system
3b6ed41e-10a1-47dd-b995-8cde7d041fd6	liver
9cfee1e6-b24f-433d-a269-f01841655d6a	eye
4269074c-f2c1-4d88-b2c3-0946f59d5449	small intestine
4269074c-f2c1-4d88-b2c3-0946f59d5449	colon
4269074c-f2c1-4d88-b2c3-0946f59d5449	digestive system
d973ea15-3722-4bc8-a0e8-1d956d26e203	nervous system
7d98cc44-b090-4dc8-804f-2750c84fe9d7	respiratory system
c3d381b2-3104-444e-8ad5-d3524407bbb6	eye
66d15835-5dc8-4e96-b0eb-f48971cb65e8	pancreas
8a554710-08bc-4005-87cd-da9675bdc2e7	blood
ce009dc1-ac57-4386-b72f-5c575701c253	respiratory system
dbf0bd35-87f8-4b25-bc90-a3c54f379907	respiratory system
c3431f48-81bd-4d7b-9045-e43be7645883	endocrine gland
9aef5aa0-03b0-4d74-a7b3-64b80184ea1d	exocrine gland
faed4f71-6b50-4fc7-bd1c-8f385dccfdce	stomach
faed4f71-6b50-4fc7-bd1c-8f385dccfdce	esophagus
faed4f71-6b50-4fc7-bd1c-8f385dccfdce	esophagogastric junction
faed4f71-6b50-4fc7-bd1c-8f385dccfdce	small intestine
faed4f71-6b50-4fc7-bd1c-8f385dccfdce	colon
faed4f71-6b50-4fc7-bd1c-8f385dccfdce	large intestine
149b2c3f-ee11-47a7-984b-923570280bd7	brain
c8f83821-a242-4ed7-86e9-7da077f5d348	brain
c8f83821-a242-4ed7-86e9-7da077f5d348	central nervous system
c8f83821-a242-4ed7-86e9-7da077f5d348	spinal cord
731e6380-879f-4b0b-9a1f-2150208852ef	respiratory system
774c18c5-efa1-4dc5-9e5e-2c824bab2e34	brain
ea786a06-5855-48b7-80d7-0313a21a2044	blood
3e87b1fa-472a-401c-8fa8-f31c10437d5f	brain
f16f4108-7873-4035-9989-3748da1a7ff1	brain
f16f4108-7873-4035-9989-3748da1a7ff1	spinal cord
58679288-9ecc-4647-9781-12a3a8f8c6fd	colon
58679288-9ecc-4647-9781-12a3a8f8c6fd	small intestine
cdefb878-7f00-4b9d-9eda-b3652cfac0c8	lung
1492eb6b-7d50-4c4d-94ac-c801a7d5555c	brain
bdf69f8d-5a96-4d6f-a9f5-9ee0e33597b7	heart
601c7454-17ff-432c-8e0d-902bfddb8013	urinary bladder
ee195b7d-184d-4dfa-9b1c-51a7e601ac11	small intestine
9b188f26-c8e1-4a78-af15-622a35a371fc	esophagus
9b188f26-c8e1-4a78-af15-622a35a371fc	stomach
9b188f26-c8e1-4a78-af15-622a35a371fc	esophagogastric junction
9b188f26-c8e1-4a78-af15-622a35a371fc	small intestine
f6dafdd1-d746-407e-8019-4470e02d4cbd	lung
f6dafdd1-d746-407e-8019-4470e02d4cbd	respiratory system
24066994-8183-488d-b037-ef6bb524af39	brain
84242d25-f656-4ca6-8e8d-f3d2beeba11f	brain
84242d25-f656-4ca6-8e8d-f3d2beeba11f	central nervous system
84242d25-f656-4ca6-8e8d-f3d2beeba11f	spinal cord
fe2eecbc-977a-4aec-9196-f89c3281d11c	brain
d2bc2703-a9b5-4949-b85d-61da7b9961b1	mucosa
2fc9c59f-3cfd-48d9-9b23-e369ea31bff3	kidney
470565f2-5afc-456a-b617-18e4496c04fd	brain
4c6f9f26-5470-455b-8933-c408232fbf56	kidney
b07e5164-baf6-43d2-bdba-5a249d0da879	pancreas
7b3368a5-c1a0-4973-9e75-d95b4150c7da	lung
f75f2ff4-2884-4c2d-b375-70de37a34507	heart
cec9f9a5-8832-437d-99af-fb8237cde54b	eye
05a49baa-d326-42ae-86d2-94de3a659901	liver
20d87640-4be8-487f-93d4-dce38378d00f	kidney
81e91ff8-f619-4ad1-a0c3-b45e1dc63f68	brain
bf176af2-4432-4391-9b35-e21bd86ca4f8	liver
03d5794d-cde9-4769-a1a9-b3899d2b1d87	stomach
03d5794d-cde9-4769-a1a9-b3899d2b1d87	esophagus
03d5794d-cde9-4769-a1a9-b3899d2b1d87	esophagogastric junction
03d5794d-cde9-4769-a1a9-b3899d2b1d87	small intestine
03d5794d-cde9-4769-a1a9-b3899d2b1d87	large intestine
03d5794d-cde9-4769-a1a9-b3899d2b1d87	colon
dc30c3ec-46d6-4cd8-8ec1-b544a3d0f503	brain
305c1196-76b3-42d1-818f-2694d01dbd97	ureter
cd77258f-b08b-4c89-b93f-6e6f146b1a4d	brain
04b0eb97-d816-44bb-93a5-8b2968791aa0	colon
04b0eb97-d816-44bb-93a5-8b2968791aa0	small intestine
04b0eb97-d816-44bb-93a5-8b2968791aa0	digestive system
51f476f7-b24d-42f3-8871-7dab3fa35e96	respiratory system
6dafb698-7a53-4699-ad13-1b5e2c164be7	brain
6dafb698-7a53-4699-ad13-1b5e2c164be7	spinal cord
6e00ccf7-0749-46ef-a999-dba785630d52	lung
62315937-e268-4fa5-a032-8f7d776f3a3f	lung
cab0bc48-744c-461b-aaf4-7bf2cb7af00d	blood
50eb1e23-b8d4-4f76-a184-44e5541fa05a	blood
2ecc72f8-085f-4e86-8692-771f316c54f6	brain
0d7f4c06-a6bd-47d2-a42b-3a7196704f77	brain
0d7f4c06-a6bd-47d2-a42b-3a7196704f77	spinal cord
e22c2ab4-c025-4804-b7a3-0b0ebd48c87a	lung
e22c2ab4-c025-4804-b7a3-0b0ebd48c87a	respiratory system
531c9543-9093-45ed-93ac-ebc5815bfb8a	brain
531c9543-9093-45ed-93ac-ebc5815bfb8a	spinal cord
1884e651-5f7f-4e6c-a71a-843ba272aaf4	axilla
af8b241a-c72c-4470-b1a4-80e7336c6ab6	eye
4859642c-d155-437b-adf5-83ca6c1bef67	brain
bbd16004-09e8-4b6c-b465-73ff83a52837	small intestine
bbd16004-09e8-4b6c-b465-73ff83a52837	digestive system
bbd16004-09e8-4b6c-b465-73ff83a52837	colon
f6d9f2ad-5ec7-4d53-b7f0-ceb0e7bcd181	brain
e006d4e3-35fa-44b4-9981-09a66c4322e5	colon
e006d4e3-35fa-44b4-9981-09a66c4322e5	small intestine
e006d4e3-35fa-44b4-9981-09a66c4322e5	digestive system
3d044b52-140a-4528-bf0d-a2dbef9e1f40	brain
3d044b52-140a-4528-bf0d-a2dbef9e1f40	central nervous system
3d044b52-140a-4528-bf0d-a2dbef9e1f40	spinal cord
01c93cf6-b695-4e30-a26e-121ae8b16a9e	blood
73b7d0aa-035f-4a15-9f1d-f56b70204591	respiratory system
856c1b98-5727-49da-bf0f-151bdb8cb056	eye
91b2327d-e3f3-4f63-b446-20774d20fc33	brain
91b2327d-e3f3-4f63-b446-20774d20fc33	cortex
f9cfac8d-bff6-47a2-a1f6-503827d375f5	brain
cd4c96bb-ad66-4e83-ba9e-a7df8790eb12	bone marrow
2dd73feb-0527-47d5-8c7b-35b6de16aecb	liver
50dc91a1-36b6-472a-b884-7307b6961ab1	brain
50dc91a1-36b6-472a-b884-7307b6961ab1	spinal cord
84230ea4-998d-4aa8-8456-81dd54ce23af	blood
c874f155-9bf9-4928-b821-f52c876b3e48	blood
79ef1959-a6b4-4cac-82ca-30feaec48df1	blood
80d7111d-f9fe-49fd-871e-6e618312c341	large intestine
f54647ec-0c03-4775-8dac-5a477c10a3f5	immune system
f801b7a9-80a6-4d09-9161-71474deb58ae	kidney
7b75b2c4-6d99-40be-9a61-391455d859e6	eye
5e7fff82-b8eb-4220-bf65-c6feb6765ea1	brain
a9bedd04-51cb-42ad-83fe-cd749de71f1b	ovary
ed9e9f96-4f08-49d2-bef5-b2c29adf3edc	blood
c42c8ad3-9761-49e5-b9bf-ee8ebd50416f	colon
c42c8ad3-9761-49e5-b9bf-ee8ebd50416f	digestive system
c42c8ad3-9761-49e5-b9bf-ee8ebd50416f	small intestine
4e74d843-8d7a-497a-918a-f079ef141b6d	colon
2d31c0ca-0233-41ce-bd1a-05aa8404b073	kidney
248cf7bf-508b-4c28-a2fd-cabe2ab956aa	small intestine
236baeda-5fdd-41bf-8e32-bae21ac7d435	brain
acf818eb-f6d2-42b9-bb1d-475aa9cff2bb	fallopian tube
63bb6359-3945-4658-92eb-3072419953e4	stomach
63bb6359-3945-4658-92eb-3072419953e4	small intestine
63bb6359-3945-4658-92eb-3072419953e4	esophagus
63bb6359-3945-4658-92eb-3072419953e4	colon
63bb6359-3945-4658-92eb-3072419953e4	large intestine
63bb6359-3945-4658-92eb-3072419953e4	esophagogastric junction
a43aa46b-bd16-47fe-bc3e-19a052624e79	liver
82346769-8733-485e-ab49-f14923d2b5bc	brain
f3ee7613-b27f-4deb-a5aa-1d4f9a2db963	heart
2f7230e7-4706-4924-b571-473fc1e52c30	respiratory system
ea7b95cf-1967-4431-9ee8-ec85ff793360	cortex
ea7b95cf-1967-4431-9ee8-ec85ff793360	brain
ea7b95cf-1967-4431-9ee8-ec85ff793360	head
810ac45f-8969-4698-b42c-652f802f75c2	lung
214bf9eb-93db-48c8-8e3c-9bb22fa3bc63	lung
4ce8d8ec-b94c-4b79-afcb-b094336d8a78	liver
881fe679-c6e0-45a3-9427-c4e81be6921f	blood
fc0ceb80-d2d9-47c1-9d78-b0e45c64c500	brain
f8c77961-67a7-4161-b8c2-61c3f917b54f	eye
d3d4baff-d142-4f13-acc6-96a4ef6a3e95	ovary
0fdb6122-4600-40f0-a703-2da47cc7080d	heart
5f4556b6-017e-49b3-b31c-c6e8e226c9fb	spleen
5f4556b6-017e-49b3-b31c-c6e8e226c9fb	lymph node
5f4556b6-017e-49b3-b31c-c6e8e226c9fb	small intestine
5f4556b6-017e-49b3-b31c-c6e8e226c9fb	lung
0ee5ae70-c3f5-473f-bd1c-287f4690ffc5	brain
ea01c125-67a7-4bd3-a8b0-e1b53a011b7e	kidney
93a3b257-359b-4266-b23f-64875d37a9e3	endocrine gland
ae5341b8-60fb-4fac-86db-86e49ee66287	blood
f156606a-dd9a-49fd-bc40-0e069b6cf07c	respiratory system
76af615b-12fe-4ebb-b8c6-239ad29e26e3	liver
a5b5d1f3-dd8b-44f6-a685-15f0f741c062	brain
a41202e6-173c-477c-8b4d-e0688ee1c4cb	breast
bd3e3487-c1e6-4298-b9de-8bdcf3f938d7	respiratory system
b4f2c50e-080f-4d37-aa21-911d2273b0da	digestive system
0ba16f4b-cb87-4fa3-9363-19fc51eec6e7	lung
4a90bbba-df97-4a28-83ae-7386fe7d9167	exocrine gland
cfa755c1-48c5-4336-94f4-aa95eca4fbd5	brain
cfa755c1-48c5-4336-94f4-aa95eca4fbd5	spinal cord
b550fd94-97e0-42e2-90f7-7434781ea2f8	liver
492d9f77-c4c8-485d-92d7-7686fe6c8482	respiratory system
2e5a9b5d-d31b-4e9f-a179-d5d70ba459fb	brain
396a9124-fb20-4822-bf9c-e93fdf7c999a	breast
ab5b2256-b209-48b5-a801-c5d9a8c0de56	eye
2a65bd41-4a3f-42f4-98b2-c53962811152	ovary
ff4cfa86-9c0c-4b7c-abd6-90547657d04f	chest wall
06ef6b36-6c9b-4e10-8a94-d0baf274276e	tendon of semitendinosus
14363b6e-3428-45b0-8704-10fd5d6316df	skin of body
14363b6e-3428-45b0-8704-10fd5d6316df	scalp
577b8c6e-892b-4d62-b140-1fdca940a649	endocrine gland
bdd109f1-ca27-45dc-bb9f-473008449428	skeletal system
a1b9c51e-a408-4f7f-bccb-abefe20ae2a5	brain
f5be4b96-f5a3-4c3d-84ac-6f69daf744d5	brain
11a3244a-6b2f-43ca-95a5-d2cd95c482d2	breast
8039c63d-08b0-4fc9-af0f-5b57f08ca0da	brain
124744b8-4681-474a-9894-683896122708	skin of body
cd6398a9-c0af-4467-9091-c536866535bd	liver
f1f123cc-ca2c-460f-b7f1-88240efb1e82	skin of body
1f1c5c14-5949-4c81-b28e-b272e271b672	ovary
4dd1cd23-fc4d-4fd1-9709-602540f3ca6f	brain
ed11cc3e-2947-407c-883c-c53b043917c3	brain
9b686bb6-1427-4e13-b451-7ee961115cf9	brain
d5452b83-7c3d-4d7c-ab7a-c7fece7196c5	brain
a6c0143c-11f7-4a54-8710-6b427b78873a	liver
873ff933-4fda-4936-9a70-67df11af90ac	brain
c52de62a-058d-4d78-a464-bdf552378f43	kidney
c7d0def0-2dcd-4111-902b-67e6baeac119	liver
bad6524a-f122-4e9f-927c-cc7776674d5e	exocrine gland
5b25a46f-f1cf-4caa-9e10-6ab81dfe9174	blood
1a7e99fe-d5b6-44d7-aa50-c6ef6ab29761	blood
07428d73-fdea-4bd4-a801-94b00c4d961c	brain
12c868c6-94df-48b5-acf2-b82f6aa14074	axilla
54ea5aba-3413-4c6b-a925-b4f1635d6580	ureter
43560d7c-acd6-4ede-830d-c9ffc6cd0862	liver
894573ad-498f-47ee-9bec-ad0880147eea	brain
894573ad-498f-47ee-9bec-ad0880147eea	central nervous system
894573ad-498f-47ee-9bec-ad0880147eea	spinal cord
3e4e2c8e-cd17-4ece-9141-1e7f4ce8da1f	pleural fluid
8a95341f-f023-4bff-a1d5-52c7003ab65a	mucosa
8a95341f-f023-4bff-a1d5-52c7003ab65a	digestive system
c05fb583-eb2f-4e3a-8e74-f9bd6414e418	bone marrow
bfd542a3-919c-4216-a314-322f2520d46c	embryo
364348b4-bc34-4fe1-a851-60d99e36cafa	brain
c5cfa2b7-abb1-4a50-908f-707b54ca606b	brain
42b6a476-c51d-4f8b-b68b-44941b3a11bf	vasculature
5cdbb2ea-c622-466d-9ead-7884ad8cb99f	eye
db59611b-42de-4035-93aa-1ed39f38b467	blood
8d73847b-33e7-48f0-837f-e3e6579bf12d	endocrine gland
36c867a7-be10-4e69-9b39-5de12b0af6da	small intestine
ec423499-4564-4ab4-a7c2-316c72788ead	liver
1a018108-b4b6-457b-ba15-046d5e98c169	brain
eeacb0c1-2217-4cf6-b8ce-1f0fedf1b569	blood
54d56674-e4e1-4e3c-9110-ea5cc2ac0eb5	liver
2727d83a-0af0-443a-bff8-58dc7028289a	brain
6e4acdae-59ef-452b-a6d4-260cba368586	eye
6e4acdae-59ef-452b-a6d4-260cba368586	large intestine
6e4acdae-59ef-452b-a6d4-260cba368586	small intestine
6e4acdae-59ef-452b-a6d4-260cba368586	colon
6e4acdae-59ef-452b-a6d4-260cba368586	heart
24584be9-d3d5-49c3-a042-99c18fe324db	brain
00476f9f-ebc1-4b72-b541-32f912ce36ea	brain
77044335-0ac5-4406-9b3f-8cdd3656d67b	brain
adda0684-f8ea-4403-b393-2a25607077c4	brain
83b5e943-a1d5-4164-b3f2-f7a37f01b524	heart
63b0a978-5820-4c3a-96a8-af098c1b0166	endocrine gland
78f40dd6-ed22-470d-8547-6fb5746c25da	brain
8fcf0ccc-67b2-43a3-90be-075f85169bef	respiratory system
fbf173f9-f809-4d84-9b65-ae205d35b523	brain
8623d55f-d91c-41c2-ae68-ed2072fd268d	eye
b3d060c6-bbd7-4db0-9ef7-9df42475875a	lung
b3d060c6-bbd7-4db0-9ef7-9df42475875a	respiratory system
ca20e2ac-5676-4158-b5d0-0c2b15898b19	brain
32e8a3d7-7b15-4f80-a0ff-6d2fc531e972	musculature
de94c504-4b58-4f42-b68d-74a8e4892f0e	skin of body
9038a71d-81a7-4bc7-82c2-186c26d5c3d6	musculature
6a270451-b4d9-43e0-aa89-e33aac1ac74b	colon
6a270451-b4d9-43e0-aa89-e33aac1ac74b	intestine
6a270451-b4d9-43e0-aa89-e33aac1ac74b	large intestine
d7d7e89c-c93a-422d-8958-9b4a90b69558	blood
494faa16-c42d-4b66-8667-f66a3bcacb01	liver
30f5e171-83d7-4fc0-bf75-384f122346b3	fallopian tube
71513028-e4a0-4c62-a435-16598791690a	liver
bd6b68e8-179a-42f0-9bde-b4fdf7d34dd1	brain
bd6b68e8-179a-42f0-9bde-b4fdf7d34dd1	spinal cord
bc7260e0-54cf-4b0b-823d-93f5b850f757	eye
24ec2dc5-3573-4d66-a9e1-25b7dcf43e27	breast
e0549fbf-cf9c-401a-b85f-6ba00d916e43	exocrine gland
3241c34f-581a-4de3-81fe-28e3de182680	blood
fbdd8c17-b34a-4cbc-abc4-1aeaa294a538	exocrine gland
d9b4bc69-ed90-4f5f-99b2-61b0681ba436	blood
090da8ea-46e8-40df-bffc-1f78e1538d27	spinal cord
49dbdcb6-f1d5-4423-9999-1e4a6b67d10b	hindlimb
49dbdcb6-f1d5-4423-9999-1e4a6b67d10b	forelimb
4e38f019-f8e8-44ae-ad32-ba500de6f64c	eye
08073b32-d389-41f4-a4fd-616de76915ab	kidney
82f6af6d-5313-439a-9936-5e844be49a70	brain
738942eb-ac72-44ff-a64b-8943b5ecd8d9	blood
9df60c57-fdf3-4e93-828e-fe9303f20438	kidney
39f6fec9-2539-4b99-982b-f12888ef649a	axilla
f15e263b-6544-46cb-a46e-e33ab7ce8347	heart
03d38670-1444-4001-bc53-9936e61d9b20	brain
a59ba9fa-1407-4f15-8c56-d3637421570d	brain
274968bf-96bf-4670-a85b-afe1cebb7c7d	adipose tissue
1405dd3e-d852-4bdd-80ad-a935eca0e78c	adipose tissue
cda48edf-331d-4ada-96ea-104ccb3147dd	adipose tissue
22658f4f-9268-41ad-8828-cc53f4baa9fa	brain
5ba85070-a41c-4184-9c18-cf34c3fd0f62	prostate gland
f854421b-d231-4231-9b23-fc3be7fbee45	musculature
2a8ca8f3-5599-4cda-b973-3a2dfc3c1fe6	brain
6929d6d1-6f81-44d7-bd35-5a580259af81	brain
343ff97c-85df-494b-8400-beb937618611	bone marrow
e8a11a27-9c47-4673-b65d-11b9cd6065e1	lung
933497dc-7592-4532-9056-b9941547b3ac	breast
ff995299-bf56-4d11-914d-b77949f02fb1	adipose tissue
f15af735-2677-444e-8963-6a88cd9510e3	adipose tissue
99efb290-fbe3-4739-909d-859e058f54aa	adipose tissue
7970bd6b-f752-47a9-8643-2af16855ec49	immune system
84f1a631-910b-4fbb-9f76-d915a07316d2	heart
325044a1-4766-4104-8da9-abdfd1397e74	adipose tissue
4cdd25a4-f4fa-4c13-b8a9-80cf28511d46	breast
8dc29642-be06-46dc-a289-8075915745d4	kidney
d45aca3a-ddb8-4185-a462-eff1e0c7af2e	sensory system
d45aca3a-ddb8-4185-a462-eff1e0c7af2e	peripheral nervous system
40569510-2282-461b-84df-6218ef208e0e	brain
be884a28-0eac-4eca-9c23-1294a93cf56e	brain
b8681124-aabf-4904-b9c9-66d834bf5bba	brain
381aa407-317a-40ef-8048-7ce0eacc4266	brain
9ec335f2-420a-45a8-b45a-1ab646e50041	brain
f8d8b443-bca6-4c3c-9042-669dfb7f8030	brain
e04daea4-4412-45b5-989e-76a9be070a89	lung
e04daea4-4412-45b5-989e-76a9be070a89	blood
489318a0-24c3-4f5c-b105-f084ed0ea026	eye
8dc858b0-b076-4326-94bb-7c2d1cd721a3	lung
693ae928-96ba-47de-b9d9-1321c675bfcd	blood
97d9238c-1a39-4873-b0bb-963ec2d788e6	fallopian tube
97d9238c-1a39-4873-b0bb-963ec2d788e6	uterus
97d9238c-1a39-4873-b0bb-963ec2d788e6	abdomen
97d9238c-1a39-4873-b0bb-963ec2d788e6	omentum
97d9238c-1a39-4873-b0bb-963ec2d788e6	ovary
97d9238c-1a39-4873-b0bb-963ec2d788e6	intestine
97d9238c-1a39-4873-b0bb-963ec2d788e6	colon
97d9238c-1a39-4873-b0bb-963ec2d788e6	urinary bladder
97d9238c-1a39-4873-b0bb-963ec2d788e6	musculature
97d9238c-1a39-4873-b0bb-963ec2d788e6	liver
97d9238c-1a39-4873-b0bb-963ec2d788e6	large intestine
97d9238c-1a39-4873-b0bb-963ec2d788e6	lymph node
97d9238c-1a39-4873-b0bb-963ec2d788e6	paracolic gutter
35c8a04c-8639-4d15-8228-765d8d93fc96	brain
d5c67a4e-a8d9-456d-a273-fa01adb1b308	eye
290d50c7-7158-4198-acf5-6d4b624fd3dc	reproductive system
6cf3634d-e911-44ad-bf52-c747a9af3c01	colon
9ea768a2-87ab-46b6-a73d-c4e915f25af3	kidney
4ebcbeeb-2208-4d30-acb2-8142a5201814	lung
4ebcbeeb-2208-4d30-acb2-8142a5201814	respiratory system
d1cbed97-d88f-4954-8925-13302fe30b39	liver
e2a3c32d-71e2-4f38-b19c-dfcb8729cf46	prostate gland
1851b6ab-2386-40a1-8c2a-b7cd895b889e	musculature
68b6114f-e990-4033-bfb3-c35536633aaa	exocrine gland
07b1d7c8-5c2e-42f7-9246-26f746cd6013	brain
2dd9d7a2-4bee-4c3f-a1f5-89bc3271c4f0	urinary bladder
93325b5c-19bb-4481-aeda-738209650945	mucosa
64767efb-49b0-4562-a1bd-e619a5d9db41	brain
e22482ee-19e8-40bc-9f6e-541dc3c82c20	bone marrow
f20f44ef-a0d4-4d94-87de-037fd47141f0	brain
968885c5-b652-48d9-9006-c34b5fc1c07a	uterus
055ca631-6ffb-40de-815e-b931e10718c0	blood
460dfe21-0550-4521-92fe-db0f3036d8b0	blood
55ca4411-8c7d-4aef-a572-50852e030c05	digestive system
cfa3c355-ee77-4fc8-9a00-78e61d23024c	lymph node
8e47ed12-c658-4252-b126-381df8d52a3d	small intestine
ea251de5-c764-4f7c-add0-8141b1061faf	cortex
ea251de5-c764-4f7c-add0-8141b1061faf	brain
ea251de5-c764-4f7c-add0-8141b1061faf	head
482954b2-0456-4901-b379-b62f99c0ab2d	immune system
12194ced-8086-458e-84a8-e2ab935d8db1	brain
12194ced-8086-458e-84a8-e2ab935d8db1	central nervous system
12194ced-8086-458e-84a8-e2ab935d8db1	spinal cord
c4dd26a8-d956-4bee-a233-44b573f2ce27	brain
456e8b9b-f872-488b-871d-94534090a865	blood
4dd00779-7f73-4f50-89bb-e2d3c6b71b18	colon
c3fe3c1e-5bf8-4678-b74a-79899243ad41	prostate gland
5467c340-864c-4810-86ef-647039c07148	ureter
7e9bde96-b4d1-43d3-a5fe-dde6c4a6dc47	pancreas
bac09168-940b-4b11-8d55-b4955f80b98d	brain
d1207c81-7309-43a7-a5a0-f4283670b62b	ovary
86282760-5099-4c71-8cdd-412dcbbbd0b9	bone marrow
f3565fda-499a-4d20-bd92-563c09954c42	brain
f9034091-2e8f-4ac6-9874-e7b7eb566824	brain
105c7dad-0468-4628-a5be-2bb42c6a8ae4	kidney
07760522-707a-4a1c-8891-dbd1226d6b27	brain
f67f2cfa-ba45-4f77-8e26-64a15f666043	brain
be39785b-67cb-4177-be19-a40ee3747e45	kidney
8c6ed88f-11bf-4159-bad7-ff41fb1e1eca	brain
4d2e0563-cf4a-48bd-aa7f-efc26025b53a	small intestine
4d2e0563-cf4a-48bd-aa7f-efc26025b53a	colon
4d2e0563-cf4a-48bd-aa7f-efc26025b53a	digestive system
9813a1d4-d107-459e-9b2e-7687be935f69	brain
7cd3c321-e487-4b51-a8af-9bf671b59fe5	brain
74c527f9-80c2-48bc-a262-88bca203a922	adipose tissue
c7856243-c59a-4b70-8ce7-25b94c2d9da1	brain
e871881f-b42d-4500-906d-0972a14ba47d	lung
e871881f-b42d-4500-906d-0972a14ba47d	respiratory system
39ed7d98-676d-4b8d-9d0a-0f3b60914ead	embryo
39ed7d98-676d-4b8d-9d0a-0f3b60914ead	brain
ed852810-a003-4386-9846-1638362cee39	heart
6c600df6-ddca-4628-a8bb-1d6de1e3f9b4	brain
babbf9f3-f482-45a5-ba76-c41f4c2f503e	eye
6cda07c7-5d7a-41ba-9799-5bb73da25a60	brain
15e0ec3e-a05f-4cd8-8624-96448f5a2b58	brain
88c483bf-477d-4be5-90d3-4fb101dd601f	prostate gland
2a156c92-c62f-4a51-b340-9df09caa589c	adipose tissue
771c7f5e-01c9-4faf-ab7f-ee8a7cf9d285	exocrine gland
d18736c3-6292-4379-919a-d6d973204c87	blood
1a434263-2aa5-4fd9-a1f3-1c4a2a8fb771	blood
4b6af54a-4a21-46e0-bc8d-673c0561a836	lung
a7b4f565-691d-43ea-bf4a-d2d1d52bb4b4	brain
44882825-0da1-4547-b721-2c6105d4a9d1	immune system
04c0bdd8-840f-488e-b72d-2a1229bc65db	endocrine gland
0f4865d5-8000-4f68-8ac7-f5efea9e5e70	small intestine
f7ca7eb9-0919-4eba-99a1-21ba382b4174	intestine
51d9716c-50bb-4fd8-8d1e-7d9329969cb7	intestine
d3a83885-5198-4b04-8314-b753b66ef9a8	prostate gland
38491c97-ce53-43d6-b34a-ef93176c9481	brain
35090826-f636-40c1-a3ef-4466beeab9f8	brain
7a1d54e5-901d-4280-b77d-b87cf172292d	adipose tissue
fd89be61-2869-4342-a86e-e1fce3a8f269	small intestine
fd89be61-2869-4342-a86e-e1fce3a8f269	colon
fd89be61-2869-4342-a86e-e1fce3a8f269	digestive system
599504e5-d4ad-45bd-9128-823faf0fb9c9	brain
13b61a7d-5605-4948-ba48-02c588960143	digestive system
f5be9ed2-5d41-4a52-91e4-4ff24ff84900	eye
00593d17-0693-4646-acad-89dbefba11bb	adipose tissue
b410249d-3a76-49b2-9f6f-7dede0481af6	adipose tissue
12c3efd8-d515-42e6-b93c-4961e599d524	ureter
dfdf1ae2-d624-4004-9353-f18b902f6bca	liver
d319af7f-be2e-441e-8caa-3b8a88480e89	eye
ae45e70d-cae7-45f5-8ee8-6655f208273c	skeletal system
2872f4b0-b171-46e2-abc6-befcf6de6306	colon
2872f4b0-b171-46e2-abc6-befcf6de6306	lymph node
de2c780c-1747-40bd-9ccf-9588ec186cee	blood
a84face4-eb30-4f43-994f-c6a13a097808	brain
a4116666-d295-4443-a174-0acc283f92c4	brain
cac02b79-9f54-4668-9235-60d3b76a4197	fallopian tube
4d43082e-59cd-43ac-b77d-54d55519c881	brain
ccfdcad0-7104-46b9-addf-fd66a2a15907	eye
8b2e5453-faf7-46ea-9073-aea69b283cb7	prostate gland
2856d06c-0ff9-4e01-bfc9-202b74d0b60f	brain
5a73f63f-18a2-49b5-b431-2c469c41a41b	brain
9d584fcb-a28a-4b91-a886-ceb66a88ef81	heart
93131426-0124-4ab4-a013-9dfbcd99d467	brain
9372df2d-13d6-4fac-980b-919a5b7eb483	brain
ea15345a-4b48-46c0-b641-f338649ebf13	adipose tissue
59923449-e303-43e6-9e63-03ef92f5ebd1	brain
59923449-e303-43e6-9e63-03ef92f5ebd1	spinal cord
01209dce-3575-4bed-b1df-129f57fbc031	lung
01209dce-3575-4bed-b1df-129f57fbc031	bone marrow
01209dce-3575-4bed-b1df-129f57fbc031	lymph node
01209dce-3575-4bed-b1df-129f57fbc031	blood
b6e502d7-0d07-408e-a291-91b63af0a40a	brain
d6a5b240-cc8f-45c1-ad36-2fc291e15e8e	brain
949573c7-2610-450d-8aaa-d4de4842901c	adipose tissue
87a06a2a-16c6-42f7-af1b-529fad431051	heart
a6388a6f-6076-401b-9b30-7d4306a20035	breast
d224c8e0-c28e-4360-9e42-b3977cd83f9f	lung
d224c8e0-c28e-4360-9e42-b3977cd83f9f	lymph node
d224c8e0-c28e-4360-9e42-b3977cd83f9f	liver
d224c8e0-c28e-4360-9e42-b3977cd83f9f	axilla
d224c8e0-c28e-4360-9e42-b3977cd83f9f	skeletal system
d224c8e0-c28e-4360-9e42-b3977cd83f9f	adrenal gland
d224c8e0-c28e-4360-9e42-b3977cd83f9f	brain
d224c8e0-c28e-4360-9e42-b3977cd83f9f	pleural fluid
7357bdd2-e05b-4e87-acd9-e3a26382648b	breast
095940cb-7422-4510-96e2-cbafd961eb88	brain
3a1df9df-425e-451f-9d69-1ba7985296d9	adipose tissue
6ceeaa86-9ceb-4582-b390-6d4dd6ff0572	small intestine
7d3ab174-e433-40fc-a352-6fe71b1a19f9	brain
dd03ce70-3243-4c96-9561-330cc461e4d7	brain
b47cf863-d90d-4fe5-a1eb-1a4785a3e329	pleural fluid
b47cf863-d90d-4fe5-a1eb-1a4785a3e329	lymph node
b47cf863-d90d-4fe5-a1eb-1a4785a3e329	lung
b47cf863-d90d-4fe5-a1eb-1a4785a3e329	liver
b47cf863-d90d-4fe5-a1eb-1a4785a3e329	axilla
b47cf863-d90d-4fe5-a1eb-1a4785a3e329	adrenal gland
595c9010-99ec-462d-b6a1-2b2fe5407871	brain
5e5ab909-f73f-4b57-98a0-6d2c5662f6a4	brain
0eccaf0c-19d2-4900-9962-899378adf8be	brain
4724c395-0c46-46d2-81f7-60fd271fb488	brain
ff7d15fa-f4b6-4a0e-992e-fd0c9d088ded	brain
d7dcfd8f-2ee7-4385-b9ac-e074c23ed190	kidney
8e5978bd-0e48-4a09-a92d-fa2985059f05	urinary bladder
1e5bd3b8-6a0e-4959-8d69-cafed30fe814	lung
182f6a56-7360-4924-a74e-1772e07b3031	brain
367b55f4-d543-49aa-90e8-4765fcb8c687	brain
11622d58-4dfe-4a81-b3d2-c4cabbfd636a	adipose tissue
fa554686-fc07-44dd-b2de-b726d82d26ec	brain
3de0ad6d-4378-4f62-b37b-ec0b75a50d94	lung
de985818-285f-4f59-9dbd-d74968fddba3	breast
a51c6ece-5731-4128-8c1e-5060e80c69e4	kidney
1cf24082-59de-4029-ac81-6e398768af3a	brain
64f4ad90-a422-400a-944d-4ce0f39594a7	brain
2f132ec9-24b5-422f-9be0-ccef03b4fe28	lung
700aed19-c16e-4ba8-9191-07da098a8626	brain
700aed19-c16e-4ba8-9191-07da098a8626	spinal cord
390b376d-8857-4b4b-991f-0d7326938172	brain
19e46756-9100-4e01-8b0e-23b557558a4c	blood
f8dda921-5fb4-4c94-a654-c6fc346bfd6d	brain
db1d2c1b-2ee1-45d5-9d53-69a327cd77e6	brain
e5b1115b-a486-49bb-bda3-8261822836e0	brain
20980d73-7c53-4039-b852-b76a01566d5a	brain
b3be4624-0723-4f1d-846c-d31025da3718	adipose tissue
ed33c203-233a-476a-a56b-28da945fdd32	brain
f512b8b6-369d-4a85-a695-116e0806857f	skin of body
72822932-10f6-466f-baf3-a2c1d89364bc	brain
72822932-10f6-466f-baf3-a2c1d89364bc	embryo
e3cc5b85-62ec-4add-bee3-73c8fd11e59d	nose
9ec34295-ab16-47e2-af33-b884143e520b	brain
70e4f35b-c98c-45a1-9aa9-2053b07315dd	brain
b806712d-18b0-454c-a0fe-9909159e07c7	ovary
b806712d-18b0-454c-a0fe-9909159e07c7	testis
5bc23cb2-8cfc-4960-bab1-c3027fbeefc4	brain
78c62d4e-abf1-405b-bb51-368720814529	bone marrow
821a8e3e-87ec-41ee-bd69-cd4377057d38	adipose tissue
c8d40d53-387b-48f2-9f89-72bfdb9c7c9f	breast
e1cc3162-6032-4e88-ad6b-57e8a65e0c55	musculature
88a01d4a-5197-45be-b5ae-e019aef43376	brain
ec6ef004-5f30-4a40-b282-980cca20a561	testis
e8681d74-ac9e-4be5-be14-1cf1bbd54dd7	brain
fe1a73ab-a203-45fd-84e9-0f7fd19efcbd	brain
f502c312-05dc-4fd4-a762-92a63e92b539	brain
234c23d0-d6cd-4612-a40d-e5811727564b	liver
1b767f95-d0a0-4a3d-b394-cc665d86c3dc	brain
19b21f40-db42-4a71-a0d6-913e83b17784	brain
fa8605cf-f27e-44af-ac2a-476bee4410d3	blood
3f56901c-dd4a-47d6-b60b-7b0c0111cfb2	brain
18500fcd-9960-49cb-8a8e-7d868dc14efe	brain
7e7f63c5-d964-40be-83de-ecbcccafd233	eye
03c544fb-a103-4d18-9230-eae9cfee3af2	fallopian tube
3e524d45-2265-4440-b903-3c30d51a0b17	ureter
11ef37ee-2173-458e-aab8-7fe35da8e47b	eye
ee1058a5-40ef-4f3f-8020-5476d7787e1e	adipose tissue
40318d39-3d8f-49f4-8455-a2e1365c5c5b	brain
489eaa11-c119-4a5f-b44b-81e33c80c0ef	brain
7c1c3d47-3166-43e5-9a95-65ceb2d45f78	brain
4593c820-512d-4805-a10f-c0b864a7cc8c	brain
1196334f-a441-474a-95ee-400780941690	eye
715327a6-7978-4896-ba91-69d6b04dbbfb	brain
e067e5ca-e53e-485f-aa8e-efd5435229c8	kidney
900fdf13-150d-4695-9f8c-4c09105ba2eb	brain
52f18bc3-52d9-487b-bf8f-f0b7aa684b09	brain
d582f63a-3c88-4e38-8cd3-8682dbe40f64	brain
acae7679-d077-461c-b857-ee6ccfeb267f	brain
d4cfefa0-3a35-44eb-b848-d7a725b481e7	lung
d4cfefa0-3a35-44eb-b848-d7a725b481e7	brain
d4cfefa0-3a35-44eb-b848-d7a725b481e7	skeletal system
d4cfefa0-3a35-44eb-b848-d7a725b481e7	liver
d4cfefa0-3a35-44eb-b848-d7a725b481e7	axilla
d4cfefa0-3a35-44eb-b848-d7a725b481e7	lymph node
d4cfefa0-3a35-44eb-b848-d7a725b481e7	adrenal gland
d4cfefa0-3a35-44eb-b848-d7a725b481e7	pleural fluid
e500acbf-f166-4c46-b290-f93506cf26d3	pleural fluid
e2a325e2-5633-4950-ae46-ebff70979e3b	brain
2672b679-8048-4f5e-9786-f1b196ccfd08	lung
5500c673-1610-40a0-86d9-64d987ae50e6	heart
4976b234-9028-4b4b-8a2f-8ac59d636219	brain
639ffc23-14db-4060-9027-3c90314200f8	brain
43b7e156-65b3-4a7b-8c7a-08528e4b21d0	brain
df1edb87-e512-43ae-b5f4-cb179cfc2bb4	exocrine gland
b6ee0939-b5b9-4e03-9d69-96fb6bf5d434	small intestine
644a578d-ffdc-446b-9679-e7ab4c919c13	spleen
4c4cd77c-8fee-4836-9145-16562a8782fe	blood
f5a04dff-d394-4023-8811-65494e8bb11d	brain
0e9d47fb-89b1-42d8-b426-2c7630b5f5fa	lung
0e9d47fb-89b1-42d8-b426-2c7630b5f5fa	respiratory system
5ae6ab72-1927-4d5b-9826-86be65791293	brain
74520626-b0ba-4ee9-86b5-714649554def	breast
3f31f8ce-bbf6-4df8-8203-aa240ed03026	brain
c05e6940-729c-47bd-a2a6-6ce3730c4919	brain
c05e6940-729c-47bd-a2a6-6ce3730c4919	central nervous system
c05e6940-729c-47bd-a2a6-6ce3730c4919	spinal cord
529bb209-9d7b-44da-bfa4-f6e4745c46c2	brain
0374f03c-62e2-4859-8a14-acb00b0627d5	brain
2423ce2c-3149-4cca-a2ff-cf682ea29b5f	kidney
551ad2bc-2e82-4541-8aab-849988d43752	musculature
1185a7d3-a9c1-4280-9ba5-d61895b15cac	brain
ecd9230d-c571-4dab-abd3-8b54c74833f0	brain
814f2c97-49e4-4a17-be26-fde3c4c57d1b	endocrine gland
814f2c97-49e4-4a17-be26-fde3c4c57d1b	liver
d288b10a-643e-44bd-b451-96e9588b2ee5	brain
5d3fc988-765d-48ba-bfb5-151ef2988cac	pleural fluid
d02287f3-408b-438d-9131-999e460cbd0e	brain
db0752b9-f20e-40b8-8997-992f3ae0bb2e	blood
31f04740-c712-4c4b-a3f8-55c0506b3034	brain
46ff9dc2-3d87-4b36-91aa-ffa8aa13c52e	brain
2d85960a-2ba8-4f54-9aec-537fae839f5d	lung
2d85960a-2ba8-4f54-9aec-537fae839f5d	respiratory system
9a64bf99-ebe5-4276-93a8-bee9dff1cd47	breast
0bae7ebf-eb54-46a6-be9a-3461cecefa4c	kidney
d2514440-d747-4d8d-b2c7-b58ef8b71fbe	brain
98219f72-0f9a-4de9-a859-c81834f24ab1	embryo
b6203114-e133-458a-aed5-eed1028378b4	brain
e6b2ce27-681b-4409-a053-2681875936e5	brain
f7a068f1-0fdb-48e8-8029-db870ff11d9e	brain
a4157949-6f2a-40e2-b960-63f6e2bde918	eye
949ec7fc-ac54-47c9-bb6f-ee9e67688cce	brain
f9846bb4-784d-4582-92c1-3f279e4c6f0c	lung
0920bcb8-4b3a-4e9d-a353-56f529fd3b32	milk
2e9d2f32-4cfb-49b5-b990-cbf4c241214e	heart
56c33a38-2732-4e53-a9c1-1bc61eda9a99	brain
524d4513-8afd-4120-9b7b-fe31ae10c29b	pleural fluid
6ed0bb6c-a9e3-4ba6-9436-7c8fd4e206f0	brain
9f499d32-400d-4c42-ac9a-fb1481844fee	brain
bc260987-8ee5-4b6e-8773-72805166b3f7	blood
f171db61-e57e-4535-a06a-35d8b6ef8f2b	placenta
71be997d-ff75-41b9-8a9f-1288c865f921	small intestine
71be997d-ff75-41b9-8a9f-1288c865f921	lung
71be997d-ff75-41b9-8a9f-1288c865f921	lymph node
71be997d-ff75-41b9-8a9f-1288c865f921	bone marrow
71be997d-ff75-41b9-8a9f-1288c865f921	musculature
71be997d-ff75-41b9-8a9f-1288c865f921	liver
71be997d-ff75-41b9-8a9f-1288c865f921	spleen
71be997d-ff75-41b9-8a9f-1288c865f921	omentum
71be997d-ff75-41b9-8a9f-1288c865f921	colon
71be997d-ff75-41b9-8a9f-1288c865f921	endocrine gland
71be997d-ff75-41b9-8a9f-1288c865f921	blood
71be997d-ff75-41b9-8a9f-1288c865f921	lamina propria
d2b5efc1-14c6-4b5f-bd98-40f9084872d7	brain
b62f728b-a7eb-4889-8162-b3d457de93b9	embryo
77c1c785-809f-4065-8c54-6a0170783256	brain
7b316f62-7fa0-4b95-bac9-e90866038a85	brain
1e4214ce-7347-4ec7-97b3-fcf7c1938e8b	lung
0087cde2-967d-4f7c-8e6e-40e4c9ad1891	brain
59b69042-47c2-47fd-ad03-d21beb99818f	blood
0041b9c3-6a49-4bf7-8514-9bc7190067a7	skin of body
0041b9c3-6a49-4bf7-8514-9bc7190067a7	mucosa
421e5f54-5de7-425f-b399-34ead0651ce1	brain
d8da613f-e681-4c69-b463-e94f5e66847f	lung
a19b218b-1c0a-4618-b41f-7c216c623ec6	brain
389bfbb9-8ef1-4582-8c41-410131c3d0eb	eye
c76098ba-eed3-45b1-98f2-96fcac55ed18	brain
8f48c031-6692-4c82-b6c2-e4ad35cbc0aa	brain
e8ac3386-31d4-48ba-aa70-1bae0cf020e7	brain
ab326369-b63c-48d8-8a7f-82ffa0df7002	embryo
b03e4ef8-4e6b-47f4-84a7-e8ed033d08cd	liver
c2aad8fc-b63b-4f9b-9cfd-baf7bc9c1771	brain
9ff99bf8-2524-4ab5-ab6e-4bc218e4a449	eye
a22a3aeb-5e68-4084-8a45-94b42015adf8	mucosa
a22a3aeb-5e68-4084-8a45-94b42015adf8	digestive system
8faa2c07-0080-4627-b1d7-e645a780d752	liver
27d91086-cfe3-4e33-9282-bd1246e5ce8e	brain
b2dda353-0c96-42df-8dcd-1ea7429a6feb	brain
7db0c178-b0a4-442f-ba54-e9e1633a84bb	brain
0de831e0-a525-4ec5-b717-df56f2de2bf0	brain
6acb6637-ac08-4a65-b2d1-581e51dc7ccf	brain
8a8aedcb-5bb3-453d-a9f0-f37951ae1515	brain
518d9049-2a76-44f8-8abc-1e2b59ab5ba1	colon
75e6eee5-d0e3-4291-9360-f288ffe6c7c4	brain
1c05b7ae-4dfb-4c1b-a441-4b23c04b169e	brain
8c42cfd0-0b0a-46d5-910c-fc833d83c45e	lung
8c42cfd0-0b0a-46d5-910c-fc833d83c45e	blood
ef1a4b05-540c-4f73-8ceb-49dfa800645d	lung
58c43cc2-e00e-43c4-94eb-8501369264e1	brain
471647b3-04fe-4c76-8372-3264feb950e8	bone marrow
471647b3-04fe-4c76-8372-3264feb950e8	blood
471647b3-04fe-4c76-8372-3264feb950e8	liver
a77176ec-96c8-4448-a3e7-b56940bdfab6	lymph node
a77176ec-96c8-4448-a3e7-b56940bdfab6	skin of body
a77176ec-96c8-4448-a3e7-b56940bdfab6	small intestine
a77176ec-96c8-4448-a3e7-b56940bdfab6	respiratory system
a77176ec-96c8-4448-a3e7-b56940bdfab6	stomach
c19275f5-739e-4796-ad5d-b0830b760db1	brain
e9175006-8978-4417-939f-819855eab80e	pleural fluid
e9175006-8978-4417-939f-819855eab80e	lymph node
e9175006-8978-4417-939f-819855eab80e	lung
e9175006-8978-4417-939f-819855eab80e	skeletal system
e9175006-8978-4417-939f-819855eab80e	brain
e9175006-8978-4417-939f-819855eab80e	liver
e9175006-8978-4417-939f-819855eab80e	adrenal gland
e9175006-8978-4417-939f-819855eab80e	axilla
d41f45c1-1b7b-4573-a998-ac5c5acb1647	lung
0b4a15a7-4e9e-4555-9733-2423e5c66469	kidney
589fe605-6d49-4abe-bff8-1675511c689a	embryo
90d4a63b-5c02-43eb-acde-c49345681601	fallopian tube
5ce42b38-d867-487f-9b40-e8bb00b21d0b	colon
2f05ab20-a092-4bab-9276-3e0eb24e3fee	brain
100c6145-7b0e-4ba6-81c1-ffebed0d1ac4	brain
a20e2f2a-e171-450a-8ddc-8935c2977ad6	bone marrow
459dc9de-9ab8-4e4d-ac44-182595b1c18b	eye
6a30bf44-c490-41ac-965b-0bb58432b10a	skin of body
6a30bf44-c490-41ac-965b-0bb58432b10a	spleen
6a30bf44-c490-41ac-965b-0bb58432b10a	yolk sac
6a30bf44-c490-41ac-965b-0bb58432b10a	liver
6a30bf44-c490-41ac-965b-0bb58432b10a	endocrine gland
6a30bf44-c490-41ac-965b-0bb58432b10a	digestive system
6a30bf44-c490-41ac-965b-0bb58432b10a	bone marrow
6a30bf44-c490-41ac-965b-0bb58432b10a	kidney
6a30bf44-c490-41ac-965b-0bb58432b10a	lymph node
1c9f5c6b-73da-4d17-95de-df080ffe0df1	brain
76347874-8801-44bf-9aea-0da21c78c430	lung
76347874-8801-44bf-9aea-0da21c78c430	pleural fluid
76347874-8801-44bf-9aea-0da21c78c430	liver
76347874-8801-44bf-9aea-0da21c78c430	lymph node
76347874-8801-44bf-9aea-0da21c78c430	adrenal gland
76347874-8801-44bf-9aea-0da21c78c430	axilla
9f984b44-9c72-4aa3-b8c5-65823071c3d6	brain
b1d37bbd-9ae4-4404-b2f9-f2fe66750e4e	brain
2185eb07-22e2-4209-b3c8-7111afc6aa90	spinal cord
2185eb07-22e2-4209-b3c8-7111afc6aa90	brain
171b03c9-516b-499c-a434-fa4f70191988	brain
dd018fc0-8da7-4033-a2ba-6b47de8ebb4f	prostate gland
fe52003e-1460-4a65-a213-2bb1a508332f	small intestine
fe52003e-1460-4a65-a213-2bb1a508332f	lung
fe52003e-1460-4a65-a213-2bb1a508332f	lymph node
fe52003e-1460-4a65-a213-2bb1a508332f	bone marrow
fe52003e-1460-4a65-a213-2bb1a508332f	musculature
fe52003e-1460-4a65-a213-2bb1a508332f	liver
fe52003e-1460-4a65-a213-2bb1a508332f	spleen
fe52003e-1460-4a65-a213-2bb1a508332f	omentum
fe52003e-1460-4a65-a213-2bb1a508332f	colon
fe52003e-1460-4a65-a213-2bb1a508332f	endocrine gland
fe52003e-1460-4a65-a213-2bb1a508332f	blood
fe52003e-1460-4a65-a213-2bb1a508332f	lamina propria
965386e9-1e4f-466d-bf59-ebdca4b66b9b	bone marrow
ddb22b3d-a75c-4dd1-9730-dff7fc8ca530	liver
0a2d7e87-c3c0-4ed2-86df-ae18811fcc16	brain
d967b47c-a9e6-4337-b2f4-977f690cb67f	eye
9fcb0b73-c734-40a5-be9c-ace7eea401c9	mucosa
04a23820-ffa8-4be5-9f65-64db15631d1e	brain
04a23820-ffa8-4be5-9f65-64db15631d1e	spinal cord
dea1aa78-c0a2-413f-b375-f91cce49e4d0	brain
c2a461b1-0c15-4047-9fcb-1f966fe55100	blood
b8920ef5-7d22-497b-abca-a7a9eb76d79a	brain
5e717147-0f75-4de1-8bd2-6fda01b8d75f	blood
d5a2d011-3765-4dad-ac36-3fff087589fe	brain
9a281de7-cee5-4e80-8584-1929f46f152f	eye
94c41723-b2c4-4b59-a49a-64c9b851903e	brain
52ea546e-9229-40ef-b048-a2e694dd73e8	brain
ff45e623-7f5f-46e3-b47d-56be0341f66b	pancreas
b07fb54c-d7ad-4995-8bb0-8f3d8611cabe	esophagus
99950e99-2758-41d2-b2c9-643edcdf6d82	lymph node
6538ce1b-7949-405f-b01c-a2c3e876baee	brain
cf83c98a-3791-4537-bbde-a719f6d73c13	blood
a56f1a6b-071c-4780-9832-33ca9b8fb391	brain
3c75a463-6a87-4132-83a8-c3002624394d	blood
7f08cbcc-5790-4576-8478-10e9a999b316	breast
a37f857c-779f-464e-9310-3db43a1811e7	small intestine
0a21f80c-e7a3-465b-8aba-fdda2b4c36bc	endocrine gland
a190b2e9-3796-4785-9a2f-013e2a9a43e6	brain
aad97cb5-f375-45ef-ae9d-178e7f5d5180	eye
bc2a7b3d-f04e-477e-96c9-9d5367d5425c	blood
96baf2e0-60c5-48cf-b1d1-cba657851507	adipose tissue
a30db232-08a6-48f0-ab9f-ad6977b8a6b1	brain
11ff73e8-d3e4-4445-9309-477a2c5be6f6	endocrine gland
e47c65a8-7d2f-48b8-908e-04ea6505fa26	breast
773b9b2e-70c8-40be-8cbb-e7b5abab360d	large intestine
773b9b2e-70c8-40be-8cbb-e7b5abab360d	small intestine
773b9b2e-70c8-40be-8cbb-e7b5abab360d	stomach
773b9b2e-70c8-40be-8cbb-e7b5abab360d	esophagogastric junction
773b9b2e-70c8-40be-8cbb-e7b5abab360d	esophagus
773b9b2e-70c8-40be-8cbb-e7b5abab360d	colon
5bc42b88-bb76-4954-927b-8bb7369adc64	placenta
5bc42b88-bb76-4954-927b-8bb7369adc64	blood
9d5df009-eb76-43a3-b6cd-22017cc53700	colon
9d5df009-eb76-43a3-b6cd-22017cc53700	small intestine
9d5df009-eb76-43a3-b6cd-22017cc53700	digestive system
48c4a72a-bc2a-4d7c-9146-a7c2ab1d7d9f	cortex
48c4a72a-bc2a-4d7c-9146-a7c2ab1d7d9f	brain
48c4a72a-bc2a-4d7c-9146-a7c2ab1d7d9f	head
9fddb063-056d-4202-8b8a-4b0ee531d3ce	breast
31f657dc-1875-4c4b-a5ca-ce63b3ef3a82	pancreas
ec6ceff8-c8bc-488d-b6bf-30df2fa92169	liver
6d41668c-168c-4500-b06a-4674ccf3e19d	liver
79d485a8-b8b1-49f2-85aa-c44e5206aa53	brain
99e317c0-1fab-4f73-b511-859e752fd1c3	heart
9968be68-ab65-4a38-9e1a-c9b6abece194	small intestine
9968be68-ab65-4a38-9e1a-c9b6abece194	lung
9968be68-ab65-4a38-9e1a-c9b6abece194	respiratory system
9968be68-ab65-4a38-9e1a-c9b6abece194	colon
9968be68-ab65-4a38-9e1a-c9b6abece194	liver
9968be68-ab65-4a38-9e1a-c9b6abece194	esophagus
9968be68-ab65-4a38-9e1a-c9b6abece194	stomach
9434b020-de42-43eb-bcc4-542b2be69015	heart
37b21763-7f0f-41ae-9001-60bad6e2841d	pancreas
c6413315-7158-46c5-a5fd-7228385694f1	fallopian tube
eec3e37d-ed41-4881-bc6e-aaf39a2c6eb0	brain
92161459-9103-4379-ae34-73a38eee1d1d	brain
8fbed309-d3d4-441b-b3ff-e2dcbcec2d35	lung
bab7432a-5cfe-45ea-928c-422d03c45cdd	brain
d0ea3ec4-0f3b-4649-9146-1c0b5f303a55	brain
17e9d436-a264-4c94-a42d-48c8daf6fdd9	blood
f7d003d4-40d5-4de8-858c-a9a8b48fcc67	brain
f7d003d4-40d5-4de8-858c-a9a8b48fcc67	spinal cord
c893ddc3-f25b-45e2-8c9e-155918b4261c	brain
a82c43bb-a703-446d-aa24-049bf013121f	blood
2ac76f1b-43ef-4271-8686-2f165570989f	lung
b46237d1-19c6-4af2-9335-9854634bad16	small intestine
b46237d1-19c6-4af2-9335-9854634bad16	colon
6ec405bb-4727-4c6d-ab4e-01fe489af7ea	uterus
d77ec7d6-ef2e-49d6-9e79-05b7f8881484	prostate gland
31285bcd-9a28-48ce-8cc0-543af80261d3	brain
ec062e17-ed4b-41a5-b13a-4712b6de5543	lymph node
fe4b89d5-461e-440c-a5a8-621b37b122c0	small intestine
fcadb222-82e2-43eb-a3ab-6af0a22051fe	lung
e6dad530-418b-47f9-af6e-472e56a7b314	eye
3dc61ca1-ce40-46b6-8337-f27260fd9a03	lung
d8732da6-8d1d-42d9-b625-f2416c30054b	respiratory system
30cd5311-6c09-46c9-94f1-71fe4b91813c	blood
b6b5ea88-e092-46e4-b9c5-e93b52d5c195	digestive system
5346f9c6-755e-4336-94cc-38706ec00c2f	brain
02792605-4760-4023-82ad-40fc4458a5db	liver
78fd69d2-75e4-4207-819a-563139f273c6	heart
f0f0d7c4-3bec-428e-9539-c99d36548d96	skin of body
ed2b673b-0279-454a-998c-3eec361edf54	heart
1062c0f2-2a44-4cf9-a7c8-b5ed58b4728d	heart
9c1b5626-58df-4401-ae7b-f66d068c1551	blood
e84f2780-51e8-4cfa-8aa0-13bbfef677c7	liver
572f3f3e-d3e4-4d13-8e2b-88215e508481	heart
59632ec0-6f10-48c6-af79-81024e84843e	blood
e7c5ba7e-4be0-4696-af50-a07d0dc7aac5	skin of body
c54c9659-1b6b-4d4a-96f0-7dc987410f2d	blood
4f1555bc-4664-46c3-a606-78d34dd10d92	bone marrow
e47a4c13-22ba-4c77-99bc-13f7d60af799	brain
7357cee7-9f7f-4ab0-8cec-90de8f047e38	large intestine
7357cee7-9f7f-4ab0-8cec-90de8f047e38	colon
c0fb0d06-225b-4611-b802-d2f34b438a29	blood
059022cf-885a-4ef8-944b-d9e5381aa1c6	cortex
059022cf-885a-4ef8-944b-d9e5381aa1c6	brain
b7efc0ba-9136-4f3f-adb2-d07849e59a3d	placenta
5829c7ba-697f-418e-8b98-d605b192dc48	brain
0ecea697-0f69-4d40-88e1-7f854e17e2b3	brain
242c6e7f-9016-4048-af70-d631f5eea188	blood
9ba03780-4b13-44bc-a7d3-ce532ea0a856	stomach
e3a7e927-2632-4575-993d-d0905cd5da8b	fallopian tube
e3a7e927-2632-4575-993d-d0905cd5da8b	uterus
e3a7e927-2632-4575-993d-d0905cd5da8b	abdomen
e3a7e927-2632-4575-993d-d0905cd5da8b	omentum
e3a7e927-2632-4575-993d-d0905cd5da8b	ovary
e3a7e927-2632-4575-993d-d0905cd5da8b	intestine
e3a7e927-2632-4575-993d-d0905cd5da8b	colon
e3a7e927-2632-4575-993d-d0905cd5da8b	urinary bladder
e3a7e927-2632-4575-993d-d0905cd5da8b	musculature
e3a7e927-2632-4575-993d-d0905cd5da8b	liver
e3a7e927-2632-4575-993d-d0905cd5da8b	large intestine
e3a7e927-2632-4575-993d-d0905cd5da8b	lymph node
e3a7e927-2632-4575-993d-d0905cd5da8b	paracolic gutter
b15ec84b-46e9-4678-b511-a0f81f9b545b	brain
b15ec84b-46e9-4678-b511-a0f81f9b545b	cortex
ecf2e08e-2032-4a9e-b466-b65b395f4a02	placenta
251b1a7e-d050-4486-8d50-4c2619eb0f46	brain
429d21fd-bb9a-4abf-922b-c15138524bdd	lung
d6dfdef1-406d-4efb-808c-3c5eddbfe0cb	colon
d6dfdef1-406d-4efb-808c-3c5eddbfe0cb	intestine
d6dfdef1-406d-4efb-808c-3c5eddbfe0cb	large intestine
3f6ab2aa-6c63-4753-b652-3a9b9e7c8ee5	blood
b693123e-95e6-4331-8b50-f367489a767e	fallopian tube
6c105286-54e3-4587-969f-30683390ff8c	brain
f9685456-c8a8-43ad-a326-476273ef36a0	hindlimb
f9685456-c8a8-43ad-a326-476273ef36a0	forelimb
146216e1-ec30-4fee-a1fb-25defe801e2d	brain
e6a11140-2545-46bc-929e-da243eed2cae	heart
caf8670f-e647-4f0c-bfba-163aa84ce602	brain
b3c9904b-2ffd-4038-8620-ee1c5b072e9c	musculature
a4e89c26-e8d4-4471-9b06-16a1405880f0	brain
bd65a70f-b274-4133-b9dd-0d1431b6af34	kidney
bd65a70f-b274-4133-b9dd-0d1431b6af34	blood
bd65a70f-b274-4133-b9dd-0d1431b6af34	lymph node
e6361237-ac4e-4c5d-ad8f-f16aca0c0a8f	brain
15d374d6-0dfd-4d8e-ade7-81f73dc921ee	musculature
5097d77d-08fa-4105-a18f-4072d61522a4	brain
9ddea8d9-cc4c-420a-90f6-880996f808d4	uterus
b61a921b-7fa3-4b42-b455-aaaf32447920	respiratory system
b61a921b-7fa3-4b42-b455-aaaf32447920	lung
e1f595f6-ba2c-495e-9bee-7056f116b1e4	brain
4023a2bc-6325-47db-bfdf-9639e91042c2	lung
60a29d0b-1a37-4447-ac32-00d701580b47	kidney
85c60876-7f35-40c5-a256-7808d84c6ba5	brain
7a0a8891-9a22-4549-a55b-c2aca23c3a2a	brain
574e9f9e-f8b4-41ef-bf19-89a9964fd9c7	prostate gland
3294d050-6eeb-4a00-b24c-71aacc9b777f	pancreas
e5233a94-9e43-418c-8209-6f1400c31530	esophagus
e5233a94-9e43-418c-8209-6f1400c31530	esophagogastric junction
e5233a94-9e43-418c-8209-6f1400c31530	stomach
e5233a94-9e43-418c-8209-6f1400c31530	small intestine
e5233a94-9e43-418c-8209-6f1400c31530	colon
e5233a94-9e43-418c-8209-6f1400c31530	large intestine
535e9336-2d8d-43c3-944d-bcbebe20df8a	reproductive system
1873a18a-66fd-4a4d-8277-a872c93f5b59	liver
8ba5453f-7fab-4702-a3a6-4021b1f31a7a	brain
00e5dedd-b9b7-43be-8c28-b0e5c6414a62	eye
2ba40233-8576-4dec-a5f1-2adfa115e2dc	exocrine gland
2adb1f8a-a6b1-4909-8ee8-484814e2d4bf	adipose tissue
2adb1f8a-a6b1-4909-8ee8-484814e2d4bf	adrenal gland
2adb1f8a-a6b1-4909-8ee8-484814e2d4bf	vasculature
2adb1f8a-a6b1-4909-8ee8-484814e2d4bf	colon
2adb1f8a-a6b1-4909-8ee8-484814e2d4bf	bladder organ
2adb1f8a-a6b1-4909-8ee8-484814e2d4bf	bone marrow
2adb1f8a-a6b1-4909-8ee8-484814e2d4bf	brain
2adb1f8a-a6b1-4909-8ee8-484814e2d4bf	uterus
2adb1f8a-a6b1-4909-8ee8-484814e2d4bf	small intestine
2adb1f8a-a6b1-4909-8ee8-484814e2d4bf	large intestine
2adb1f8a-a6b1-4909-8ee8-484814e2d4bf	esophagus
2adb1f8a-a6b1-4909-8ee8-484814e2d4bf	fallopian tube
2adb1f8a-a6b1-4909-8ee8-484814e2d4bf	heart
2adb1f8a-a6b1-4909-8ee8-484814e2d4bf	kidney
2adb1f8a-a6b1-4909-8ee8-484814e2d4bf	liver
2adb1f8a-a6b1-4909-8ee8-484814e2d4bf	lung
2adb1f8a-a6b1-4909-8ee8-484814e2d4bf	musculature
2adb1f8a-a6b1-4909-8ee8-484814e2d4bf	omentum
2adb1f8a-a6b1-4909-8ee8-484814e2d4bf	pancreas
2adb1f8a-a6b1-4909-8ee8-484814e2d4bf	blood
2adb1f8a-a6b1-4909-8ee8-484814e2d4bf	pleura
2adb1f8a-a6b1-4909-8ee8-484814e2d4bf	prostate gland
2adb1f8a-a6b1-4909-8ee8-484814e2d4bf	spleen
2adb1f8a-a6b1-4909-8ee8-484814e2d4bf	stomach
2adb1f8a-a6b1-4909-8ee8-484814e2d4bf	endocrine gland
2adb1f8a-a6b1-4909-8ee8-484814e2d4bf	respiratory system
2adb1f8a-a6b1-4909-8ee8-484814e2d4bf	ureter
2adb1f8a-a6b1-4909-8ee8-484814e2d4bf	embryo
2adb1f8a-a6b1-4909-8ee8-484814e2d4bf	skeletal system
2adb1f8a-a6b1-4909-8ee8-484814e2d4bf	ovary
2adb1f8a-a6b1-4909-8ee8-484814e2d4bf	intestine
2adb1f8a-a6b1-4909-8ee8-484814e2d4bf	testis
2adb1f8a-a6b1-4909-8ee8-484814e2d4bf	skin of body
2adb1f8a-a6b1-4909-8ee8-484814e2d4bf	spinal cord
2adb1f8a-a6b1-4909-8ee8-484814e2d4bf	placenta
2adb1f8a-a6b1-4909-8ee8-484814e2d4bf	gallbladder
2adb1f8a-a6b1-4909-8ee8-484814e2d4bf	eye
ea95cdd5-cf7e-4d5d-a0bd-032776d32ae5	brain
ca46ffe6-0a26-4d8d-82fa-81722daf1102	adipose tissue
4ed927e9-c099-49af-b8ce-a2652d069333	musculature
4ed927e9-c099-49af-b8ce-a2652d069333	breast
4ed927e9-c099-49af-b8ce-a2652d069333	mucosa
4ed927e9-c099-49af-b8ce-a2652d069333	esophagus
4ed927e9-c099-49af-b8ce-a2652d069333	heart
4ed927e9-c099-49af-b8ce-a2652d069333	lung
4ed927e9-c099-49af-b8ce-a2652d069333	prostate gland
4ed927e9-c099-49af-b8ce-a2652d069333	skin of body
ed419b4e-db9b-40f1-8593-68fdf8dfb076	eye
a0754256-f44b-4c4a-962c-a552e47d3fdc	eye
d9f3a82c-24bb-4277-b715-8ec92a33dd32	blood
f32c2c13-bb1a-4ffd-a457-60b64ecfa4cb	brain
0caedec7-1c7d-4e79-aba2-50f6916e643f	fallopian tube
0caedec7-1c7d-4e79-aba2-50f6916e643f	uterus
0caedec7-1c7d-4e79-aba2-50f6916e643f	abdomen
0caedec7-1c7d-4e79-aba2-50f6916e643f	omentum
0caedec7-1c7d-4e79-aba2-50f6916e643f	ovary
0caedec7-1c7d-4e79-aba2-50f6916e643f	intestine
0caedec7-1c7d-4e79-aba2-50f6916e643f	colon
0caedec7-1c7d-4e79-aba2-50f6916e643f	urinary bladder
0caedec7-1c7d-4e79-aba2-50f6916e643f	musculature
0caedec7-1c7d-4e79-aba2-50f6916e643f	liver
0caedec7-1c7d-4e79-aba2-50f6916e643f	large intestine
0caedec7-1c7d-4e79-aba2-50f6916e643f	lymph node
0caedec7-1c7d-4e79-aba2-50f6916e643f	paracolic gutter
cfcec0ab-909c-4334-9683-b275e0b4dcc0	endocrine gland
a199ca73-035d-44e2-9893-4c493151db21	blood
2190bd4d-3be0-4bf7-8ca8-8d6f71228936	brain
2190bd4d-3be0-4bf7-8ca8-8d6f71228936	spinal cord
0436a180-cb44-47ba-8ffa-807b7a468469	fallopian tube
f95d8919-1f2a-405f-8776-bfecc0ab0f3f	kidney
d2fc9880-e6d3-4922-af5c-61f4f517adfa	brain
576f193c-75d0-4a11-bd25-8676587e6dc2	lung
576f193c-75d0-4a11-bd25-8676587e6dc2	pleural fluid
576f193c-75d0-4a11-bd25-8676587e6dc2	lymph node
576f193c-75d0-4a11-bd25-8676587e6dc2	adrenal gland
576f193c-75d0-4a11-bd25-8676587e6dc2	liver
576f193c-75d0-4a11-bd25-8676587e6dc2	axilla
576f193c-75d0-4a11-bd25-8676587e6dc2	brain
576f193c-75d0-4a11-bd25-8676587e6dc2	skeletal system
72f4798d-ba94-48ec-be01-9bb8a1f11f56	spleen
76150f40-1989-4977-9e23-696e72d59d9e	uterus
e40c6272-af77-4a10-9385-62a398884f27	colon
e40c6272-af77-4a10-9385-62a398884f27	intestine
e40c6272-af77-4a10-9385-62a398884f27	large intestine
6c87755e-a671-41a8-9c7e-4e43b850a57b	liver
6c87755e-a671-41a8-9c7e-4e43b850a57b	skeletal system
6c87755e-a671-41a8-9c7e-4e43b850a57b	breast
6c87755e-a671-41a8-9c7e-4e43b850a57b	neck
6c87755e-a671-41a8-9c7e-4e43b850a57b	axilla
6c87755e-a671-41a8-9c7e-4e43b850a57b	lung
cbec7853-d996-4493-bbf8-5d82857a4e51	small intestine
cbec7853-d996-4493-bbf8-5d82857a4e51	colon
cbec7853-d996-4493-bbf8-5d82857a4e51	large intestine
0ed60482-a34f-4268-b576-d69cc30210f6	brain
cb252df6-6e49-4553-abd1-495a00006fb1	skeletal system
cb252df6-6e49-4553-abd1-495a00006fb1	mucosa
cb252df6-6e49-4553-abd1-495a00006fb1	exocrine gland
cb252df6-6e49-4553-abd1-495a00006fb1	digestive system
cb252df6-6e49-4553-abd1-495a00006fb1	tongue
1a974af7-8b4b-4abb-8aba-23e2979d9518	brain
e595c979-c2de-4dad-8c02-8334a8e56de6	hindlimb
e595c979-c2de-4dad-8c02-8334a8e56de6	forelimb
07854d9c-5375-4a9b-ac34-fa919d3c3686	kidney
a19438aa-ef9a-4e9b-abb6-5a1357123bb8	pancreas
5af90777-6760-4003-9dba-8f945fec6fdf	blood
5af90777-6760-4003-9dba-8f945fec6fdf	adrenal gland
5af90777-6760-4003-9dba-8f945fec6fdf	kidney
5af90777-6760-4003-9dba-8f945fec6fdf	adipose tissue
5af90777-6760-4003-9dba-8f945fec6fdf	vasculature
de104f7e-14fa-4795-bd19-b5ee2c1563e0	brain
9d8e5dca-03a3-457d-b7fb-844c75735c83	adipose tissue
c202b243-1aa1-4b16-bc9a-b36241f3b1e3	brain
8f4f8502-9170-4ac2-9707-3b6985ebfe5f	heart
1d89d081-f43d-401a-be76-bd6ef9259f4e	liver
4a5b00e0-1ba3-4fd4-af89-d3512eb20720	blood
3f32121d-126b-4e8d-9f69-d86502d2a1b1	small intestine
019c7af2-c827-4454-9970-44d5e39ce068	small intestine
019c7af2-c827-4454-9970-44d5e39ce068	colon
bfbd9097-65a2-4019-aff3-f875aca51952	brain
486486d4-9462-43e5-9249-eb43fa5a49a6	lung
486486d4-9462-43e5-9249-eb43fa5a49a6	adrenal gland
486486d4-9462-43e5-9249-eb43fa5a49a6	pleural fluid
486486d4-9462-43e5-9249-eb43fa5a49a6	liver
486486d4-9462-43e5-9249-eb43fa5a49a6	brain
486486d4-9462-43e5-9249-eb43fa5a49a6	axilla
486486d4-9462-43e5-9249-eb43fa5a49a6	lymph node
486486d4-9462-43e5-9249-eb43fa5a49a6	skeletal system
21d3e683-80a4-4d9b-bc89-ebb2df513dde	blood
0ced5e76-6040-47ff-8a72-93847965afc0	endocrine gland
1a2e3350-28a8-4f49-b33c-5b67ceb001f6	bone marrow
4e374783-0152-423e-bcb6-b87cc232f64d	brain
ae29ebd0-1973-40a4-a6af-d15a5f77a80f	small intestine
ae29ebd0-1973-40a4-a6af-d15a5f77a80f	lung
ae29ebd0-1973-40a4-a6af-d15a5f77a80f	lymph node
ae29ebd0-1973-40a4-a6af-d15a5f77a80f	bone marrow
ae29ebd0-1973-40a4-a6af-d15a5f77a80f	musculature
ae29ebd0-1973-40a4-a6af-d15a5f77a80f	liver
ae29ebd0-1973-40a4-a6af-d15a5f77a80f	spleen
ae29ebd0-1973-40a4-a6af-d15a5f77a80f	omentum
ae29ebd0-1973-40a4-a6af-d15a5f77a80f	colon
ae29ebd0-1973-40a4-a6af-d15a5f77a80f	endocrine gland
ae29ebd0-1973-40a4-a6af-d15a5f77a80f	blood
ae29ebd0-1973-40a4-a6af-d15a5f77a80f	lamina propria
96a3f64b-0ee9-40d8-91e9-813ce38261c9	blood
f01bdd17-4902-40f5-86e3-240d66dd2587	exocrine gland
a357414d-2042-4eb5-95f0-c58604a18bdd	small intestine
a19d1667-a7b5-4556-9e5f-f9bfa690c0f1	skin of body
74d584f0-74fc-482e-b944-e76f29c1ab85	brain
aa633105-e8e5-4dcc-b72d-6da6c191b3e9	skin of body
aa633105-e8e5-4dcc-b72d-6da6c191b3e9	spleen
aa633105-e8e5-4dcc-b72d-6da6c191b3e9	yolk sac
aa633105-e8e5-4dcc-b72d-6da6c191b3e9	liver
aa633105-e8e5-4dcc-b72d-6da6c191b3e9	endocrine gland
aa633105-e8e5-4dcc-b72d-6da6c191b3e9	digestive system
aa633105-e8e5-4dcc-b72d-6da6c191b3e9	bone marrow
aa633105-e8e5-4dcc-b72d-6da6c191b3e9	kidney
aa633105-e8e5-4dcc-b72d-6da6c191b3e9	lymph node
bb78adbb-1428-4468-bad0-63602bb974e9	ovary
43245158-5ae1-4e71-a9a6-67eef49c26bc	heart
43245158-5ae1-4e71-a9a6-67eef49c26bc	vasculature
dea717d4-7bc0-4e46-950f-fd7e1cc8df7d	kidney
44c93f2b-dd66-4d15-81ef-de9394c76290	uterus
44c93f2b-dd66-4d15-81ef-de9394c76290	fallopian tube
44c93f2b-dd66-4d15-81ef-de9394c76290	omentum
44c93f2b-dd66-4d15-81ef-de9394c76290	ovary
44c93f2b-dd66-4d15-81ef-de9394c76290	intestine
44c93f2b-dd66-4d15-81ef-de9394c76290	abdomen
44c93f2b-dd66-4d15-81ef-de9394c76290	colon
44c93f2b-dd66-4d15-81ef-de9394c76290	urinary bladder
44c93f2b-dd66-4d15-81ef-de9394c76290	musculature
44c93f2b-dd66-4d15-81ef-de9394c76290	liver
44c93f2b-dd66-4d15-81ef-de9394c76290	large intestine
44c93f2b-dd66-4d15-81ef-de9394c76290	lymph node
44c93f2b-dd66-4d15-81ef-de9394c76290	paracolic gutter
1c739a3e-c3f5-49d5-98e0-73975e751201	heart
804d9a85-665b-45c6-b204-13457fdcc7ac	skin of body
804d9a85-665b-45c6-b204-13457fdcc7ac	spleen
804d9a85-665b-45c6-b204-13457fdcc7ac	yolk sac
804d9a85-665b-45c6-b204-13457fdcc7ac	liver
804d9a85-665b-45c6-b204-13457fdcc7ac	endocrine gland
804d9a85-665b-45c6-b204-13457fdcc7ac	digestive system
804d9a85-665b-45c6-b204-13457fdcc7ac	bone marrow
804d9a85-665b-45c6-b204-13457fdcc7ac	kidney
804d9a85-665b-45c6-b204-13457fdcc7ac	lymph node
d68a8b48-abf0-4bd5-8834-155d34ec448a	lung
03181d87-4769-41e7-8c39-d9a81835f0d2	brain
e59a4394-80db-42e4-85e6-8f0e59b81f42	cortex
e59a4394-80db-42e4-85e6-8f0e59b81f42	brain
e59a4394-80db-42e4-85e6-8f0e59b81f42	head
55cf0ea3-9d2b-4294-871e-bb4b49a79fc7	tongue
3b8b5de4-3aa1-4ac6-8890-8d03c8219981	brain
72955cdb-bd92-4135-aa52-21f33f9640db	vasculature
72955cdb-bd92-4135-aa52-21f33f9640db	heart
29244e1d-02e6-4133-b411-516ef7474638	endocrine gland
093d3bfe-6f0f-4ac0-a7a1-829f94d0a49f	lung
093d3bfe-6f0f-4ac0-a7a1-829f94d0a49f	respiratory system
1c9eb291-6d31-47e1-96b2-129b5e1ae64f	musculature
3d0d6923-a2c4-476f-a53e-3b7bfa010d90	breast
c4b03352-af8d-492a-8d6b-40f304e0a122	brain
a2d4d33e-4c62-4361-b80a-9be53d2e50e8	vasculature
a2d4d33e-4c62-4361-b80a-9be53d2e50e8	heart
cd2f23c1-aef1-48ae-8eb4-0bcf124e567d	bone marrow
d86edd6a-4b5d-437a-ad80-1fd976a5e23a	blood
32b9bdce-2481-4c85-ba1b-6ad5fcea844c	kidney
9940f951-3dc0-4579-bbb2-2392786e59a3	brain
d87f3f91-dca4-494b-8993-c4e3008a8fa5	brain
4fb330ab-2d74-4649-b58f-7ffef457efdf	reproductive system
a0d173dd-bb10-4d13-8b9a-e13a4ee83c8c	brain
6437bc9c-16cb-46c8-8f79-9a7384a0212a	brain
ac2fea99-ce08-4fca-8d03-a19f37bf21a3	reproductive system
7b55fe5c-d5c8-48e0-a1a3-54c5b9074f3f	lung
ecce9688-66ea-4600-98f7-84aed7421c01	brain
ecce9688-66ea-4600-98f7-84aed7421c01	embryo
bdb26abd-f4ba-4ea3-8862-c2340e7a4f55	brain
bdb26abd-f4ba-4ea3-8862-c2340e7a4f55	spinal cord
d01c9dff-abd1-4825-bf30-2eb2ba74597e	brain
0bc7235a-ae5a-479d-a487-510435377e55	brain
5bdc423a-59e6-457d-aa01-debd2c9c564f	brain
6d452161-70af-43dd-988c-e3c4050d31e8	pancreas
93091496-be48-4122-b945-9af9c22a7535	brain
e4710a02-8abc-48d5-a3e8-9ae7e9d79bdb	brain
f5b0810c-1664-4a62-ad06-be1d9964aa8b	brain
716a4acc-919e-4326-9672-ebe06ede84e6	brain
3079e9b0-c6db-45c8-b998-a4555a73968e	brain
40e79234-65e8-45e9-b555-5c663154a108	brain
40e79234-65e8-45e9-b555-5c663154a108	spinal cord
983d5ec9-40e8-4512-9e65-a572a9c486cb	blood
e4ddac12-f48f-4455-8e8d-c2a48a683437	brain
3affa268-8a74-460a-ac9b-a984c0832469	skin of body
3affa268-8a74-460a-ac9b-a984c0832469	spleen
3affa268-8a74-460a-ac9b-a984c0832469	yolk sac
3affa268-8a74-460a-ac9b-a984c0832469	liver
3affa268-8a74-460a-ac9b-a984c0832469	endocrine gland
3affa268-8a74-460a-ac9b-a984c0832469	digestive system
3affa268-8a74-460a-ac9b-a984c0832469	bone marrow
3affa268-8a74-460a-ac9b-a984c0832469	kidney
3affa268-8a74-460a-ac9b-a984c0832469	lymph node
b617ee1b-f8c8-4de9-b82b-e803ab93550d	lung
b617ee1b-f8c8-4de9-b82b-e803ab93550d	breast
b617ee1b-f8c8-4de9-b82b-e803ab93550d	skin of body
b617ee1b-f8c8-4de9-b82b-e803ab93550d	liver
b617ee1b-f8c8-4de9-b82b-e803ab93550d	eye
b617ee1b-f8c8-4de9-b82b-e803ab93550d	blood
b617ee1b-f8c8-4de9-b82b-e803ab93550d	large intestine
b617ee1b-f8c8-4de9-b82b-e803ab93550d	ovary
7f7faf6b-f11d-4f07-bc1c-188a4472748d	lung
cda2c8cd-be1c-42e5-b2cd-162caa1c4ce7	endocrine gland
be41a86a-b606-4b1c-8055-32f334898775	eye
a5d5c529-8a1f-40b5-bda3-35208970070d	brain
2aa1c93c-4ef3-4e9a-98e7-0bd37933953c	skin of body
2aa1c93c-4ef3-4e9a-98e7-0bd37933953c	spleen
2aa1c93c-4ef3-4e9a-98e7-0bd37933953c	yolk sac
2aa1c93c-4ef3-4e9a-98e7-0bd37933953c	liver
2aa1c93c-4ef3-4e9a-98e7-0bd37933953c	endocrine gland
2aa1c93c-4ef3-4e9a-98e7-0bd37933953c	digestive system
2aa1c93c-4ef3-4e9a-98e7-0bd37933953c	bone marrow
2aa1c93c-4ef3-4e9a-98e7-0bd37933953c	kidney
2aa1c93c-4ef3-4e9a-98e7-0bd37933953c	lymph node
ed5d841d-6346-47d4-ab2f-7119ad7e3a35	blood
7bb64315-9e5a-41b9-9235-59acf9642a3e	stomach
7bb64315-9e5a-41b9-9235-59acf9642a3e	small intestine
7bb64315-9e5a-41b9-9235-59acf9642a3e	esophagogastric junction
7bb64315-9e5a-41b9-9235-59acf9642a3e	esophagus
7bb64315-9e5a-41b9-9235-59acf9642a3e	large intestine
7bb64315-9e5a-41b9-9235-59acf9642a3e	colon
7c497c66-c2e2-4291-8b96-339e5e65f314	lung
cee11228-9f0b-4e57-afe2-cfe15ee56312	spleen
18e2a8c5-33f7-455e-a58a-b2ba6921db27	reproductive system
493a8b60-d676-44d1-b022-d14c1ad0b36c	lung
493a8b60-d676-44d1-b022-d14c1ad0b36c	respiratory system
2a7f90de-098a-4a6f-ac07-9e6462792412	breast
569bce19-14c3-436f-bebf-543e5ea025dc	respiratory system
569bce19-14c3-436f-bebf-543e5ea025dc	digestive system
569bce19-14c3-436f-bebf-543e5ea025dc	lung
f64e1be1-de15-4d27-8da4-82225cd4c035	lung
f64e1be1-de15-4d27-8da4-82225cd4c035	adrenal gland
f64e1be1-de15-4d27-8da4-82225cd4c035	pleural fluid
f64e1be1-de15-4d27-8da4-82225cd4c035	liver
f64e1be1-de15-4d27-8da4-82225cd4c035	lymph node
f64e1be1-de15-4d27-8da4-82225cd4c035	brain
f64e1be1-de15-4d27-8da4-82225cd4c035	axilla
f64e1be1-de15-4d27-8da4-82225cd4c035	skeletal system
f1606894-59df-4794-a37f-baa7c6fb6de1	heart
53bc5729-6202-4351-bc99-1f36139e9dc4	brain
675873e1-3f1d-4bd5-9fad-3ce8a5ad98e1	cortex
675873e1-3f1d-4bd5-9fad-3ce8a5ad98e1	brain
34229bdc-a895-4394-8820-574e4028d8c6	brain
0b75c598-0893-4216-afe8-5414cab7739d	kidney
5a11f879-d1ef-458a-910c-9b0bdfca5ebf	lymph node
5a11f879-d1ef-458a-910c-9b0bdfca5ebf	endocrine gland
5a11f879-d1ef-458a-910c-9b0bdfca5ebf	liver
5a11f879-d1ef-458a-910c-9b0bdfca5ebf	heart
5a11f879-d1ef-458a-910c-9b0bdfca5ebf	lung
5a11f879-d1ef-458a-910c-9b0bdfca5ebf	musculature
5a11f879-d1ef-458a-910c-9b0bdfca5ebf	uterus
5a11f879-d1ef-458a-910c-9b0bdfca5ebf	ovary
5a11f879-d1ef-458a-910c-9b0bdfca5ebf	vasculature
5a11f879-d1ef-458a-910c-9b0bdfca5ebf	exocrine gland
5a11f879-d1ef-458a-910c-9b0bdfca5ebf	tongue
5a11f879-d1ef-458a-910c-9b0bdfca5ebf	adipose tissue
5a11f879-d1ef-458a-910c-9b0bdfca5ebf	eye
5a11f879-d1ef-458a-910c-9b0bdfca5ebf	skin of body
5a11f879-d1ef-458a-910c-9b0bdfca5ebf	large intestine
5a11f879-d1ef-458a-910c-9b0bdfca5ebf	bladder organ
5a11f879-d1ef-458a-910c-9b0bdfca5ebf	spleen
5a11f879-d1ef-458a-910c-9b0bdfca5ebf	respiratory system
5a11f879-d1ef-458a-910c-9b0bdfca5ebf	small intestine
5a11f879-d1ef-458a-910c-9b0bdfca5ebf	bone marrow
5a11f879-d1ef-458a-910c-9b0bdfca5ebf	colon
5a11f879-d1ef-458a-910c-9b0bdfca5ebf	pancreas
5a11f879-d1ef-458a-910c-9b0bdfca5ebf	prostate gland
5a11f879-d1ef-458a-910c-9b0bdfca5ebf	testis
5a11f879-d1ef-458a-910c-9b0bdfca5ebf	sensory system
5a11f879-d1ef-458a-910c-9b0bdfca5ebf	peripheral nervous system
5a11f879-d1ef-458a-910c-9b0bdfca5ebf	stomach
5a11f879-d1ef-458a-910c-9b0bdfca5ebf	kidney
5a11f879-d1ef-458a-910c-9b0bdfca5ebf	mucosa
d4e69e01-3ba2-4d6b-a15d-e7048f78f22e	heart
7b20c613-9add-43d1-87e9-defd3d9b9f8c	brain
7b20c613-9add-43d1-87e9-defd3d9b9f8c	skin of body
7b20c613-9add-43d1-87e9-defd3d9b9f8c	breast
7b20c613-9add-43d1-87e9-defd3d9b9f8c	liver
7b20c613-9add-43d1-87e9-defd3d9b9f8c	kidney
8f10185b-e0b3-46a5-8706-7f1799225d79	eye
1b9d8702-5af8-4142-85ed-020eb06ec4f6	small intestine
1b9d8702-5af8-4142-85ed-020eb06ec4f6	lung
1b9d8702-5af8-4142-85ed-020eb06ec4f6	lymph node
1b9d8702-5af8-4142-85ed-020eb06ec4f6	bone marrow
1b9d8702-5af8-4142-85ed-020eb06ec4f6	musculature
1b9d8702-5af8-4142-85ed-020eb06ec4f6	liver
1b9d8702-5af8-4142-85ed-020eb06ec4f6	spleen
1b9d8702-5af8-4142-85ed-020eb06ec4f6	omentum
1b9d8702-5af8-4142-85ed-020eb06ec4f6	colon
1b9d8702-5af8-4142-85ed-020eb06ec4f6	endocrine gland
1b9d8702-5af8-4142-85ed-020eb06ec4f6	blood
1b9d8702-5af8-4142-85ed-020eb06ec4f6	lamina propria
e2808a6e-e2ea-41b9-b38c-4a08f1677f02	brain
a12ccb9b-4fbe-457d-8590-ac78053259ef	kidney
be401db3-d732-408a-b0c4-71af0458b8ab	brain
9ea52f85-a35e-4b5b-9207-e2f1de7dbbcd	brain
0d2ee4ac-05ee-40b2-afb6-ebb584caa867	lung
9ff9f9ba-016b-4cbb-8899-45dc20860b8b	brain
f7995301-7551-4e1d-8396-ffe3c9497ace	heart
015c230d-650c-4527-870d-8a805849a382	brain
e5c63d94-593c-4338-a489-e1048599e751	bladder organ
359f7af4-87d4-4117-9d6c-ca4cfa1f3f0b	eye
2c820d53-cbd7-4e0a-be7a-a0ad1989a98f	blood
93cb76aa-a84b-4a92-8e6c-66a914e26d4c	brain
98113e7e-f586-4065-a26a-60aa702f8d1c	brain
be35c935-ee4f-475c-9d3c-97630d59a735	breast
edc8d3fe-153c-4e3d-8be0-2108d30f8d70	nose
edc8d3fe-153c-4e3d-8be0-2108d30f8d70	respiratory system
74cff64f-9da9-4b2a-9b3b-8a04a1598040	placenta
74cff64f-9da9-4b2a-9b3b-8a04a1598040	blood
3a7f3ab4-a280-4b3b-b2c0-6dd05614a78c	brain
3a7f3ab4-a280-4b3b-b2c0-6dd05614a78c	spinal cord
a6858c10-c52a-4a1d-bc12-a90dbd51ca66	pleural fluid
a6858c10-c52a-4a1d-bc12-a90dbd51ca66	lymph node
a6858c10-c52a-4a1d-bc12-a90dbd51ca66	lung
a6858c10-c52a-4a1d-bc12-a90dbd51ca66	axilla
a6858c10-c52a-4a1d-bc12-a90dbd51ca66	adrenal gland
a6858c10-c52a-4a1d-bc12-a90dbd51ca66	brain
a6858c10-c52a-4a1d-bc12-a90dbd51ca66	skeletal system
a6858c10-c52a-4a1d-bc12-a90dbd51ca66	liver
2bdd3a2c-2ff4-4314-adf3-8a06b797a33a	brain
d0c12af4-c0e4-4c7b-873a-70752b449689	skin of body
d0c12af4-c0e4-4c7b-873a-70752b449689	spleen
d0c12af4-c0e4-4c7b-873a-70752b449689	yolk sac
d0c12af4-c0e4-4c7b-873a-70752b449689	liver
d0c12af4-c0e4-4c7b-873a-70752b449689	endocrine gland
d0c12af4-c0e4-4c7b-873a-70752b449689	digestive system
d0c12af4-c0e4-4c7b-873a-70752b449689	bone marrow
d0c12af4-c0e4-4c7b-873a-70752b449689	kidney
d0c12af4-c0e4-4c7b-873a-70752b449689	lymph node
5e5e7a2f-8f1c-42ac-90dc-b4f80f38e84c	adipose tissue
1b52ee22-c71a-4a0f-a4d2-c1be36d0b82a	cortex
1b52ee22-c71a-4a0f-a4d2-c1be36d0b82a	brain
1b52ee22-c71a-4a0f-a4d2-c1be36d0b82a	head
9c63201d-bfd9-41a8-bbbc-18d947556f3d	brain
98f5d518-1e60-4307-b732-ab045cd3cbc2	brain
598100f7-01da-4de4-998a-05917fd6c446	cortex
598100f7-01da-4de4-998a-05917fd6c446	brain
598100f7-01da-4de4-998a-05917fd6c446	head
04c94a7d-1133-42c9-bb48-c697bd302a8d	brain
605b89b1-c474-4180-8c0b-88afb5920991	brain
18eb630b-a754-4111-8cd4-c24ec80aa5ec	lymph node
eb499fd8-7000-419f-8854-926b9b61b11f	lung
3966ba97-beb8-4d0b-9954-d3775cd2cd61	placenta
3faad104-2ab8-4434-816d-474d8d2641db	blood
1252c5fb-945f-42d6-b1a8-8a3bd864384b	heart
34f5307e-7b4d-4a48-b68f-2ba844c6414b	breast
34f5307e-7b4d-4a48-b68f-2ba844c6414b	liver
34f5307e-7b4d-4a48-b68f-2ba844c6414b	brain
34f5307e-7b4d-4a48-b68f-2ba844c6414b	chest wall
34f5307e-7b4d-4a48-b68f-2ba844c6414b	skin of body
34f5307e-7b4d-4a48-b68f-2ba844c6414b	axilla
34f5307e-7b4d-4a48-b68f-2ba844c6414b	skeletal system
2a498ace-872a-4935-984b-1afa70fd9886	blood
e34f3f89-3a48-4173-a06a-9e9803f2e2b9	brain
975e13b6-bec1-4eed-b46a-9be1f1357373	breast
44c83972-e5d2-4858-ac58-2df9f4bf564b	brain
ac0fee7e-0999-4319-b244-20278e1ff2fb	brain
b165f033-9dec-468a-9248-802fc6902a74	brain
b165f033-9dec-468a-9248-802fc6902a74	spinal cord
fa27492b-82ff-4ab7-ac61-0e2b184eee67	eye
fa27492b-82ff-4ab7-ac61-0e2b184eee67	adrenal gland
fa27492b-82ff-4ab7-ac61-0e2b184eee67	brain
fa27492b-82ff-4ab7-ac61-0e2b184eee67	heart
fa27492b-82ff-4ab7-ac61-0e2b184eee67	intestine
fa27492b-82ff-4ab7-ac61-0e2b184eee67	kidney
fa27492b-82ff-4ab7-ac61-0e2b184eee67	liver
fa27492b-82ff-4ab7-ac61-0e2b184eee67	lung
fa27492b-82ff-4ab7-ac61-0e2b184eee67	musculature
fa27492b-82ff-4ab7-ac61-0e2b184eee67	pancreas
fa27492b-82ff-4ab7-ac61-0e2b184eee67	placenta
fa27492b-82ff-4ab7-ac61-0e2b184eee67	spleen
fa27492b-82ff-4ab7-ac61-0e2b184eee67	stomach
fa27492b-82ff-4ab7-ac61-0e2b184eee67	endocrine gland
215ede73-4f67-4a72-b77e-9c3b077b6dfc	brain
d567b692-c374-4628-a508-8008f6778f22	heart
8d1dd010-5cbc-43fb-83f8-e0de8e8517da	brain
a2c833f7-b7f1-4f4d-ad31-cae478b601b7	brain
ac0c6561-7a48-4185-af6f-af799f699172	brain
364bd0c7-f7fd-48ed-99c1-ae26872b1042	heart
ebc2e1ff-c8f9-466a-acf4-9d291afaf8b3	blood
776a1e4a-f141-49bb-9978-d0588a4cee9f	small intestine
776a1e4a-f141-49bb-9978-d0588a4cee9f	colon
776a1e4a-f141-49bb-9978-d0588a4cee9f	intestine
f72958f5-7f42-4ebb-98da-445b0c6de516	lung
f72958f5-7f42-4ebb-98da-445b0c6de516	respiratory system
f72958f5-7f42-4ebb-98da-445b0c6de516	nose
80a2c5b6-02e7-4fc0-9f12-179f5247c1bc	small intestine
80a2c5b6-02e7-4fc0-9f12-179f5247c1bc	colon
80a2c5b6-02e7-4fc0-9f12-179f5247c1bc	large intestine
80a2c5b6-02e7-4fc0-9f12-179f5247c1bc	lymph node
e51bae9a-c747-4b64-904a-4da7cda218ab	pancreas
1a38e762-2465-418f-b81c-6a4bce261c34	brain
1a38e762-2465-418f-b81c-6a4bce261c34	embryo
066943a2-fdac-4b29-b348-40cede398e4e	lung
066943a2-fdac-4b29-b348-40cede398e4e	respiratory system
066943a2-fdac-4b29-b348-40cede398e4e	nose
01ad3cd7-3929-4654-84c0-6db05bd5fd59	blood
cff99df2-4904-44f7-9173-ff837f95606e	brain
0325478a-9b52-45b5-b40a-2e2ab0d72eb1	brain
0325478a-9b52-45b5-b40a-2e2ab0d72eb1	spinal cord
ae4f8ddd-cac9-4172-9681-2175da462f2e	brain
842c6f5d-4a94-4eef-8510-8c792d1124bc	breast
48101fa2-1a63-4514-b892-53ea1d3a8657	skin of body
48101fa2-1a63-4514-b892-53ea1d3a8657	spleen
48101fa2-1a63-4514-b892-53ea1d3a8657	yolk sac
48101fa2-1a63-4514-b892-53ea1d3a8657	liver
48101fa2-1a63-4514-b892-53ea1d3a8657	endocrine gland
48101fa2-1a63-4514-b892-53ea1d3a8657	digestive system
48101fa2-1a63-4514-b892-53ea1d3a8657	bone marrow
48101fa2-1a63-4514-b892-53ea1d3a8657	kidney
48101fa2-1a63-4514-b892-53ea1d3a8657	lymph node
c7775e88-49bf-4ba2-a03b-93f00447c958	blood
65badd7a-9262-4fd1-9ce2-eb5dc0ca8039	heart
975fd2d3-1982-47a1-9ef7-8cde3345f219	eye
1fc48734-35ee-4372-885c-95fd2674c75a	brain
350237e0-9f48-4cbd-9140-3b44495549f3	lung
95ce06a0-7de9-4ab2-bcd1-a6625f55e7e3	eye
8c0a3574-b0ad-4e4f-b5d3-d1a743b00d4a	eye
3c361813-5d5e-4868-bfe5-e7591e7b5381	brain
c888b684-6c51-431f-972a-6c963044cef0	brain
b252b015-b488-4d5c-b16e-968c13e48a2c	uterus
b252b015-b488-4d5c-b16e-968c13e48a2c	fallopian tube
b252b015-b488-4d5c-b16e-968c13e48a2c	abdomen
b252b015-b488-4d5c-b16e-968c13e48a2c	omentum
b252b015-b488-4d5c-b16e-968c13e48a2c	ovary
b252b015-b488-4d5c-b16e-968c13e48a2c	intestine
b252b015-b488-4d5c-b16e-968c13e48a2c	colon
b252b015-b488-4d5c-b16e-968c13e48a2c	urinary bladder
b252b015-b488-4d5c-b16e-968c13e48a2c	musculature
b252b015-b488-4d5c-b16e-968c13e48a2c	liver
b252b015-b488-4d5c-b16e-968c13e48a2c	large intestine
b252b015-b488-4d5c-b16e-968c13e48a2c	lymph node
b252b015-b488-4d5c-b16e-968c13e48a2c	paracolic gutter
0ba636a1-4754-4786-a8be-7ab3cf760fd6	breast
34deb33b-a50e-4993-a38b-1c0e5079c1c2	pleural fluid
34deb33b-a50e-4993-a38b-1c0e5079c1c2	lymph node
34deb33b-a50e-4993-a38b-1c0e5079c1c2	lung
34deb33b-a50e-4993-a38b-1c0e5079c1c2	axilla
34deb33b-a50e-4993-a38b-1c0e5079c1c2	adrenal gland
34deb33b-a50e-4993-a38b-1c0e5079c1c2	liver
fd072bc3-2dfb-46f8-b4e3-467cb3223182	skin of body
fd072bc3-2dfb-46f8-b4e3-467cb3223182	spleen
fd072bc3-2dfb-46f8-b4e3-467cb3223182	yolk sac
fd072bc3-2dfb-46f8-b4e3-467cb3223182	liver
fd072bc3-2dfb-46f8-b4e3-467cb3223182	endocrine gland
fd072bc3-2dfb-46f8-b4e3-467cb3223182	digestive system
fd072bc3-2dfb-46f8-b4e3-467cb3223182	bone marrow
fd072bc3-2dfb-46f8-b4e3-467cb3223182	kidney
fd072bc3-2dfb-46f8-b4e3-467cb3223182	lymph node
a68b64d8-aee3-4947-81b7-36b8fe5a44d2	endocrine gland
a68b64d8-aee3-4947-81b7-36b8fe5a44d2	heart
a68b64d8-aee3-4947-81b7-36b8fe5a44d2	musculature
a68b64d8-aee3-4947-81b7-36b8fe5a44d2	eye
a68b64d8-aee3-4947-81b7-36b8fe5a44d2	uterus
a68b64d8-aee3-4947-81b7-36b8fe5a44d2	adipose tissue
a68b64d8-aee3-4947-81b7-36b8fe5a44d2	ovary
a68b64d8-aee3-4947-81b7-36b8fe5a44d2	vasculature
a68b64d8-aee3-4947-81b7-36b8fe5a44d2	lung
a68b64d8-aee3-4947-81b7-36b8fe5a44d2	liver
a68b64d8-aee3-4947-81b7-36b8fe5a44d2	tongue
a68b64d8-aee3-4947-81b7-36b8fe5a44d2	exocrine gland
a68b64d8-aee3-4947-81b7-36b8fe5a44d2	respiratory system
a68b64d8-aee3-4947-81b7-36b8fe5a44d2	bladder organ
a68b64d8-aee3-4947-81b7-36b8fe5a44d2	prostate gland
a68b64d8-aee3-4947-81b7-36b8fe5a44d2	skin of body
a68b64d8-aee3-4947-81b7-36b8fe5a44d2	large intestine
a68b64d8-aee3-4947-81b7-36b8fe5a44d2	lymph node
a68b64d8-aee3-4947-81b7-36b8fe5a44d2	small intestine
a68b64d8-aee3-4947-81b7-36b8fe5a44d2	stomach
a68b64d8-aee3-4947-81b7-36b8fe5a44d2	bone marrow
a68b64d8-aee3-4947-81b7-36b8fe5a44d2	colon
a68b64d8-aee3-4947-81b7-36b8fe5a44d2	pancreas
a68b64d8-aee3-4947-81b7-36b8fe5a44d2	testis
a68b64d8-aee3-4947-81b7-36b8fe5a44d2	sensory system
a68b64d8-aee3-4947-81b7-36b8fe5a44d2	peripheral nervous system
a68b64d8-aee3-4947-81b7-36b8fe5a44d2	mucosa
a68b64d8-aee3-4947-81b7-36b8fe5a44d2	spleen
b74100ea-1a1a-486a-9cad-70ae44150935	brain
b0e547f0-462b-4f81-b31b-5b0a5d96f537	blood
74014ef8-d2d0-4cbc-8ba2-037f30753ffd	brain
56c4912d-2bae-4b64-98f2-af8a84389208	brain
218acb0f-9f2f-4f76-b90b-15a4b7c7f629	blood
97a17473-e2b1-4f31-a544-44a60773e2dd	liver
97a17473-e2b1-4f31-a544-44a60773e2dd	heart
97a17473-e2b1-4f31-a544-44a60773e2dd	lung
97a17473-e2b1-4f31-a544-44a60773e2dd	uterus
97a17473-e2b1-4f31-a544-44a60773e2dd	ovary
97a17473-e2b1-4f31-a544-44a60773e2dd	tongue
97a17473-e2b1-4f31-a544-44a60773e2dd	exocrine gland
97a17473-e2b1-4f31-a544-44a60773e2dd	endocrine gland
97a17473-e2b1-4f31-a544-44a60773e2dd	prostate gland
97a17473-e2b1-4f31-a544-44a60773e2dd	eye
97a17473-e2b1-4f31-a544-44a60773e2dd	skin of body
97a17473-e2b1-4f31-a544-44a60773e2dd	large intestine
97a17473-e2b1-4f31-a544-44a60773e2dd	bladder organ
97a17473-e2b1-4f31-a544-44a60773e2dd	small intestine
97a17473-e2b1-4f31-a544-44a60773e2dd	respiratory system
97a17473-e2b1-4f31-a544-44a60773e2dd	stomach
97a17473-e2b1-4f31-a544-44a60773e2dd	musculature
97a17473-e2b1-4f31-a544-44a60773e2dd	kidney
97a17473-e2b1-4f31-a544-44a60773e2dd	colon
97a17473-e2b1-4f31-a544-44a60773e2dd	pancreas
97a17473-e2b1-4f31-a544-44a60773e2dd	testis
97a17473-e2b1-4f31-a544-44a60773e2dd	sensory system
97a17473-e2b1-4f31-a544-44a60773e2dd	peripheral nervous system
97a17473-e2b1-4f31-a544-44a60773e2dd	mucosa
13149914-ea03-4f01-8bf6-b793b667127b	cortex
13149914-ea03-4f01-8bf6-b793b667127b	brain
13149914-ea03-4f01-8bf6-b793b667127b	head
6725ee8e-ef5b-4e68-8901-61bd14a1fe73	digestive system
6725ee8e-ef5b-4e68-8901-61bd14a1fe73	gallbladder
6725ee8e-ef5b-4e68-8901-61bd14a1fe73	liver
6725ee8e-ef5b-4e68-8901-61bd14a1fe73	small intestine
6725ee8e-ef5b-4e68-8901-61bd14a1fe73	colon
6725ee8e-ef5b-4e68-8901-61bd14a1fe73	intestine
6725ee8e-ef5b-4e68-8901-61bd14a1fe73	respiratory system
6725ee8e-ef5b-4e68-8901-61bd14a1fe73	lung
6725ee8e-ef5b-4e68-8901-61bd14a1fe73	pancreas
6725ee8e-ef5b-4e68-8901-61bd14a1fe73	prostate gland
6725ee8e-ef5b-4e68-8901-61bd14a1fe73	exocrine gland
6725ee8e-ef5b-4e68-8901-61bd14a1fe73	stomach
6725ee8e-ef5b-4e68-8901-61bd14a1fe73	endocrine gland
6725ee8e-ef5b-4e68-8901-61bd14a1fe73	nose
232f6a5a-a04c-4758-a6e8-88ab2e3a6e69	lung
232f6a5a-a04c-4758-a6e8-88ab2e3a6e69	brain
232f6a5a-a04c-4758-a6e8-88ab2e3a6e69	lymph node
232f6a5a-a04c-4758-a6e8-88ab2e3a6e69	pleural fluid
232f6a5a-a04c-4758-a6e8-88ab2e3a6e69	liver
232f6a5a-a04c-4758-a6e8-88ab2e3a6e69	adrenal gland
a9c78d49-06c2-4195-97e0-33fe6dcb54a1	blood
c838aec3-03ef-4398-b882-0e3912abfff0	blood
9dbab10c-118d-496b-966a-67f1763a6b7d	blood
9dbab10c-118d-496b-966a-67f1763a6b7d	lung
9dbab10c-118d-496b-966a-67f1763a6b7d	saliva
646e3e87-e46b-4b12-85b5-8d8589e26088	brain
c3aa4f95-7a18-4a7d-8dd8-ca324d714363	brain
1e6a6ef9-7ec9-4c90-bbfb-2ad3c3165fd1	lung
1e6a6ef9-7ec9-4c90-bbfb-2ad3c3165fd1	brain
1e6a6ef9-7ec9-4c90-bbfb-2ad3c3165fd1	lymph node
1e6a6ef9-7ec9-4c90-bbfb-2ad3c3165fd1	pleural fluid
1e6a6ef9-7ec9-4c90-bbfb-2ad3c3165fd1	liver
1e6a6ef9-7ec9-4c90-bbfb-2ad3c3165fd1	adrenal gland
3a805b8d-c9d8-4c9b-881f-0eefa635974d	brain
0129dbd9-a7d3-4f6b-96b9-1da155a93748	eye
55003f67-c494-46f1-83fb-902745646379	breast
d7f5d8d0-6150-48d7-b094-c34286ad11a1	brain
c5d88abe-f23a-45fa-a534-788985e93dad	lymph node
c5d88abe-f23a-45fa-a534-788985e93dad	endocrine gland
c5d88abe-f23a-45fa-a534-788985e93dad	liver
c5d88abe-f23a-45fa-a534-788985e93dad	heart
c5d88abe-f23a-45fa-a534-788985e93dad	lung
c5d88abe-f23a-45fa-a534-788985e93dad	musculature
c5d88abe-f23a-45fa-a534-788985e93dad	spleen
c5d88abe-f23a-45fa-a534-788985e93dad	bone marrow
c5d88abe-f23a-45fa-a534-788985e93dad	adipose tissue
c5d88abe-f23a-45fa-a534-788985e93dad	ovary
c5d88abe-f23a-45fa-a534-788985e93dad	vasculature
c5d88abe-f23a-45fa-a534-788985e93dad	tongue
c5d88abe-f23a-45fa-a534-788985e93dad	exocrine gland
c5d88abe-f23a-45fa-a534-788985e93dad	respiratory system
c5d88abe-f23a-45fa-a534-788985e93dad	bladder organ
c5d88abe-f23a-45fa-a534-788985e93dad	prostate gland
c5d88abe-f23a-45fa-a534-788985e93dad	blood
c5d88abe-f23a-45fa-a534-788985e93dad	skin of body
c5d88abe-f23a-45fa-a534-788985e93dad	eye
c5d88abe-f23a-45fa-a534-788985e93dad	small intestine
c5d88abe-f23a-45fa-a534-788985e93dad	large intestine
c5d88abe-f23a-45fa-a534-788985e93dad	stomach
c5d88abe-f23a-45fa-a534-788985e93dad	kidney
c5d88abe-f23a-45fa-a534-788985e93dad	uterus
c5d88abe-f23a-45fa-a534-788985e93dad	colon
c5d88abe-f23a-45fa-a534-788985e93dad	pancreas
c5d88abe-f23a-45fa-a534-788985e93dad	testis
c5d88abe-f23a-45fa-a534-788985e93dad	sensory system
c5d88abe-f23a-45fa-a534-788985e93dad	peripheral nervous system
c5d88abe-f23a-45fa-a534-788985e93dad	mucosa
f7c1c579-2dc0-47e2-ba19-8165c5a0e353	eye
f7c1c579-2dc0-47e2-ba19-8165c5a0e353	adrenal gland
f7c1c579-2dc0-47e2-ba19-8165c5a0e353	brain
f7c1c579-2dc0-47e2-ba19-8165c5a0e353	heart
f7c1c579-2dc0-47e2-ba19-8165c5a0e353	intestine
f7c1c579-2dc0-47e2-ba19-8165c5a0e353	kidney
f7c1c579-2dc0-47e2-ba19-8165c5a0e353	liver
f7c1c579-2dc0-47e2-ba19-8165c5a0e353	lung
f7c1c579-2dc0-47e2-ba19-8165c5a0e353	musculature
f7c1c579-2dc0-47e2-ba19-8165c5a0e353	pancreas
f7c1c579-2dc0-47e2-ba19-8165c5a0e353	placenta
f7c1c579-2dc0-47e2-ba19-8165c5a0e353	spleen
f7c1c579-2dc0-47e2-ba19-8165c5a0e353	stomach
f7c1c579-2dc0-47e2-ba19-8165c5a0e353	endocrine gland
9f222629-9e39-47d0-b83f-e08d610c7479	lung
9f222629-9e39-47d0-b83f-e08d610c7479	respiratory system
9f222629-9e39-47d0-b83f-e08d610c7479	nose
d3cb449b-c2b1-4b50-a7f1-21203535fe61	brain
8e10f1c4-8e98-41e5-b65f-8cd89a887122	brain
8e10f1c4-8e98-41e5-b65f-8cd89a887122	spinal cord
d6505c89-c43d-4c28-8c4f-7351a5fd5528	eye
53d208b0-2cfd-4366-9866-c3c6114081bc	lymph node
53d208b0-2cfd-4366-9866-c3c6114081bc	endocrine gland
53d208b0-2cfd-4366-9866-c3c6114081bc	liver
53d208b0-2cfd-4366-9866-c3c6114081bc	heart
53d208b0-2cfd-4366-9866-c3c6114081bc	lung
53d208b0-2cfd-4366-9866-c3c6114081bc	musculature
53d208b0-2cfd-4366-9866-c3c6114081bc	spleen
53d208b0-2cfd-4366-9866-c3c6114081bc	eye
53d208b0-2cfd-4366-9866-c3c6114081bc	bone marrow
53d208b0-2cfd-4366-9866-c3c6114081bc	uterus
53d208b0-2cfd-4366-9866-c3c6114081bc	adipose tissue
53d208b0-2cfd-4366-9866-c3c6114081bc	ovary
53d208b0-2cfd-4366-9866-c3c6114081bc	vasculature
53d208b0-2cfd-4366-9866-c3c6114081bc	tongue
53d208b0-2cfd-4366-9866-c3c6114081bc	exocrine gland
53d208b0-2cfd-4366-9866-c3c6114081bc	respiratory system
53d208b0-2cfd-4366-9866-c3c6114081bc	bladder organ
53d208b0-2cfd-4366-9866-c3c6114081bc	prostate gland
53d208b0-2cfd-4366-9866-c3c6114081bc	blood
53d208b0-2cfd-4366-9866-c3c6114081bc	skin of body
53d208b0-2cfd-4366-9866-c3c6114081bc	large intestine
53d208b0-2cfd-4366-9866-c3c6114081bc	small intestine
53d208b0-2cfd-4366-9866-c3c6114081bc	stomach
53d208b0-2cfd-4366-9866-c3c6114081bc	kidney
53d208b0-2cfd-4366-9866-c3c6114081bc	colon
53d208b0-2cfd-4366-9866-c3c6114081bc	pancreas
53d208b0-2cfd-4366-9866-c3c6114081bc	testis
53d208b0-2cfd-4366-9866-c3c6114081bc	sensory system
53d208b0-2cfd-4366-9866-c3c6114081bc	peripheral nervous system
53d208b0-2cfd-4366-9866-c3c6114081bc	mucosa
c2876b1b-06d8-4d96-a56b-5304f815b99a	brain
6f7fd0f1-a2ed-4ff1-80d3-33dde731cbc3	brain
